time/fps,train/reward_min,train/n_updates,train/actor_loss,train/reward_mean,time/time_elapsed,train/learning_rate,train/reward,time/total_timesteps,time/episodes,train/critic_loss,train/reward_max
26,-94.79014,11471,-43.55006408691406,0.04461861328125,438,0.001,10.395519,11572,4,85.4678726196289,56.50306
26,-94.79014,23043,-34.711456298828125,0.0874878515625,881,0.001,10.395519,23144,8,7.820704460144043,56.50306
26,-94.79014,34615,-26.473331451416016,0.1303564453125,1329,0.001,10.395519,34716,12,2.71990704536438,56.50306
25,-94.79014,46187,-24.74998664855957,0.1732250390625,1784,0.001,10.395519,46288,16,3.4688265323638916,56.50306
25,-76.7476,57759,-19.48847770690918,0.18697802734375,2252,0.001,10.395519,57860,20,2.4302682876586914,49.483353
25,-76.7476,69331,-19.33321762084961,0.18697802734375,2740,0.001,10.395519,69432,24,2.1435611248016357,49.483353
24,-76.7476,80903,-20.37786865234375,0.186978203125,3243,0.001,10.395519,81004,28,1.3239225149154663,49.483353
24,-76.7476,92475,-20.959352493286133,0.186978203125,3764,0.001,10.395519,92576,32,1.396748423576355,49.483353
24,-76.7476,104047,-20.901315689086914,0.18697798828125,4294,0.001,10.395519,104148,36,1.144522786140442,49.483353
23,-76.7476,115619,-18.52535629272461,0.186978046875,4832,0.001,10.395519,115720,40,0.9585729241371155,49.483353
23,-76.7476,127191,-18.191434860229492,0.1869780078125,5372,0.001,10.395519,127292,44,1.2298076152801514,49.483353
23,-76.7476,138763,-18.892427444458008,0.1869780078125,5909,0.001,10.395519,138864,48,1.0810279846191406,49.483353
23,-76.7476,150335,-17.830812454223633,0.18697806640625,6446,0.001,10.395519,150436,52,0.9192109107971191,49.483353
23,-76.7476,161907,-18.950441360473633,0.18697798828125,6983,0.001,10.395519,162008,56,0.5525162220001221,49.483353
23,-76.7476,173479,-18.893320083618164,0.18697798828125,7521,0.001,10.395519,173580,60,0.5819320678710938,49.483353
22,-76.7476,185051,-17.074432373046875,0.18697798828125,8057,0.001,10.395519,185152,64,0.5250256061553955,49.483353
22,-76.7476,196623,-17.654184341430664,0.18697798828125,8594,0.001,10.395519,196724,68,0.581893801689148,49.483353
22,-76.7476,208195,-16.902156829833984,0.186978046875,9131,0.001,10.395519,208296,72,0.5672618746757507,49.483353
22,-76.7476,219767,-17.657617568969727,0.18697802734375,9669,0.001,10.395519,219868,76,0.5946726202964783,49.483353
22,-76.7476,231339,-18.778636932373047,0.1869780859375,10207,0.001,10.395519,231440,80,0.4251309335231781,49.483353
22,-76.7476,242911,-17.661670684814453,0.1869780859375,10745,0.001,10.395519,243012,84,0.6615853309631348,49.483353
22,-76.7476,254483,-18.727706909179688,0.18697810546875,11285,0.001,10.395519,254584,88,0.5060374140739441,49.483353
22,-76.7476,266055,-18.87375259399414,0.18697810546875,11822,0.001,10.395519,266156,92,0.5862563848495483,49.483353
22,-76.7476,277627,-17.467342376708984,0.186978125,12359,0.001,10.395519,277728,96,0.5842782855033875,49.483353
22,-76.7476,289199,-17.803749084472656,0.186978125,12895,0.001,10.395519,289300,100,0.5323678255081177,49.483353
22,-76.7476,300771,-16.402164459228516,0.18697798828125,13432,0.001,10.395519,300872,104,0.5233791470527649,49.483353
22,-76.7476,312343,-18.65323829650879,0.186978046875,13969,0.001,10.395519,312444,108,0.41249769926071167,49.483353
22,-76.7476,323915,-19.147863388061523,0.18697802734375,14507,0.001,10.395519,324016,112,0.41945332288742065,49.483353
22,-76.7476,335487,-17.571910858154297,0.18697802734375,15046,0.001,10.395519,335588,116,0.49610477685928345,49.483353
22,-76.7476,347059,-19.65165901184082,0.18697796875,15583,0.001,10.395519,347160,120,0.3449403941631317,49.483353
22,-76.7476,358631,-16.331701278686523,0.186977734375,16121,0.001,10.395519,358732,124,0.3899841010570526,49.483353
22,-76.7476,370203,-19.778425216674805,0.18697771484375,16659,0.001,10.395519,370304,128,0.28844165802001953,49.483353
22,-76.7476,381775,-18.107990264892578,0.18697779296875,17197,0.001,10.395519,381876,132,0.3252151906490326,49.483353
22,-76.7476,393347,-18.64387321472168,0.18697779296875,17735,0.001,10.395519,393448,136,0.3319769501686096,49.483353
22,-76.7476,404919,-18.297409057617188,0.18697802734375,18273,0.001,10.395519,405020,140,0.28670236468315125,49.483353
22,-76.7476,416491,-17.91758155822754,0.1869780078125,18812,0.001,10.395519,416592,144,0.6050263047218323,49.483353
22,-76.7476,428063,-19.357769012451172,0.18697810546875,19349,0.001,10.395519,428164,148,0.5300996899604797,49.483353
22,-76.7476,439635,-19.54923439025879,0.18697810546875,19886,0.001,10.395519,439736,152,0.33891960978507996,49.483353
22,-76.7476,451207,-16.77652359008789,0.186978046875,20423,0.001,10.395519,451308,156,0.2909201383590698,49.483353
22,-76.7476,462779,-17.409332275390625,0.18697810546875,20962,0.001,10.395519,462880,160,0.31513524055480957,49.483353
22,-76.7476,474351,-19.16521453857422,0.18697806640625,21500,0.001,10.395519,474452,164,0.3284383714199066,49.483353
22,-76.7476,485923,-17.899383544921875,0.18697806640625,22038,0.001,10.395519,486024,168,0.3189769387245178,49.483353
22,-76.7476,497495,-17.494081497192383,0.186978125,22577,0.001,10.395519,497596,172,0.24659091234207153,49.483353
22,-76.7476,509067,-19.199125289916992,0.1869780859375,23114,0.001,10.395519,509168,176,0.21943871676921844,49.483353
22,-76.7476,520639,-20.353729248046875,0.18697802734375,23656,0.001,10.395519,520740,180,0.3799748122692108,49.483353
22,-76.7476,532211,-17.30811882019043,0.18697794921875,24194,0.001,10.395519,532312,184,0.2173241376876831,49.483353
21,-76.7476,543783,-18.323732376098633,0.18697794921875,24732,0.001,10.395519,543884,188,0.4534085988998413,49.483353
21,-76.7476,555355,-20.15155792236328,0.18697806640625,25271,0.001,10.395519,555456,192,0.5646775960922241,49.483353
21,-76.7476,566927,-17.59528160095215,0.18697806640625,25809,0.001,10.395519,567028,196,0.22164657711982727,49.483353
21,-76.7476,578499,-19.659578323364258,0.186978125,26348,0.001,10.395519,578600,200,0.32005777955055237,49.483353
21,-76.7476,590071,-17.87694549560547,0.186978125,26887,0.001,10.395519,590172,204,0.4177379012107849,49.483353
21,-76.7476,601643,-20.567218780517578,0.18697810546875,27425,0.001,10.395519,601744,208,0.24447739124298096,49.483353
21,-76.7476,613215,-18.646921157836914,0.18697810546875,27962,0.001,10.395519,613316,212,0.22968965768814087,49.483353
21,-76.7476,624787,-23.037321090698242,0.186978125,28503,0.001,10.395519,624888,216,0.3145417273044586,49.483353
21,-76.7476,636359,-19.80402946472168,0.186978125,29041,0.001,10.395519,636460,220,0.30567750334739685,49.483353
21,-76.7476,647931,-17.859163284301758,0.1869779296875,29578,0.001,10.395519,648032,224,0.25654280185699463,49.483353
21,-76.7476,659503,-18.13010597229004,0.1869778515625,30115,0.001,10.395519,659604,228,0.2588408589363098,49.483353
21,-76.7476,671075,-20.51237678527832,0.18697791015625,30652,0.001,10.395519,671176,232,0.16057997941970825,49.483353
21,-76.7476,682647,-18.81293296813965,0.1869778515625,31189,0.001,10.395519,682748,236,0.39485782384872437,49.483353
21,-76.7476,694219,-18.80550765991211,0.18697787109375,31726,0.001,10.395519,694320,240,0.16302159428596497,49.483353
21,-76.7476,705791,-16.95669937133789,0.18697798828125,32263,0.001,10.395519,705892,244,0.23768678307533264,49.483353
21,-76.7476,717363,-16.288291931152344,0.18697791015625,32802,0.001,10.395519,717464,248,0.2842957377433777,49.483353
21,-76.7476,728935,-19.147525787353516,0.18697794921875,33344,0.001,10.395519,729036,252,0.2794179916381836,49.483353
21,-76.7476,740507,-16.824146270751953,0.18697794921875,33882,0.001,10.395519,740608,256,0.21562804281711578,49.483353
21,-76.7476,752079,-17.890594482421875,0.186978046875,34421,0.001,10.395519,752180,260,0.20252811908721924,49.483353
21,-76.7476,763651,-16.889938354492188,0.18697802734375,34957,0.001,10.395519,763752,264,0.628450870513916,49.483353
21,-76.7476,775223,-18.548492431640625,0.18697810546875,35494,0.001,10.395519,775324,268,0.22123515605926514,49.483353
21,-76.7476,786795,-17.00489044189453,0.18697810546875,36031,0.001,10.395519,786896,272,0.6169440150260925,49.483353
21,-76.7476,798367,-17.402151107788086,0.18697794921875,36567,0.001,10.395519,798468,276,0.34034037590026855,49.483353
21,-76.7476,809939,-19.312841415405273,0.186978046875,37106,0.001,10.395519,810040,280,0.2810927629470825,49.483353
21,-76.7476,821511,-19.0518798828125,0.18697814453125,37645,0.001,10.395519,821612,284,0.40050363540649414,49.483353
21,-76.7476,833083,-16.933406829833984,0.18697814453125,38184,0.001,10.395519,833184,288,0.2776651680469513,49.483353
21,-76.7476,844655,-16.95450210571289,0.186978125,38722,0.001,10.395519,844756,292,0.2311631441116333,49.483353
21,-76.7476,856227,-17.493289947509766,0.18697798828125,39266,0.001,10.395519,856328,296,0.3376547694206238,49.483353
21,-76.7476,867799,-17.072084426879883,0.18697794921875,39806,0.001,10.395519,867900,300,0.24362213909626007,49.483353
21,-76.7476,879371,-20.26204490661621,0.1869778515625,40346,0.001,10.395519,879472,304,0.2893495261669159,49.483353
21,-76.7476,890943,-21.357088088989258,0.1869778515625,40885,0.001,10.395519,891044,308,0.2694227397441864,49.483353
21,-76.7476,902515,-18.74884033203125,0.1869780859375,41424,0.001,10.395519,902616,312,0.1917908936738968,49.483353
21,-76.7476,914087,-19.801517486572266,0.18697806640625,41962,0.001,10.395519,914188,316,0.2693602442741394,49.483353
21,-76.7476,925659,-17.84376335144043,0.18697810546875,42501,0.001,10.395519,925760,320,0.23604144155979156,49.483353
21,-76.7476,937231,-19.77191734313965,0.18697810546875,43039,0.001,10.395519,937332,324,0.23666563630104065,49.483353
21,-76.7476,948803,-18.071157455444336,0.1869779296875,43577,0.001,10.395519,948904,328,0.18666303157806396,49.483353
21,-76.7476,960375,-20.081438064575195,0.18697810546875,44116,0.001,10.395519,960476,332,0.2154134064912796,49.483353
21,-76.7476,971947,-17.277936935424805,0.1869781640625,44655,0.001,10.395519,972048,336,0.289257675409317,49.483353
21,-76.7476,983519,-17.234350204467773,0.1869781640625,45199,0.001,10.395519,983620,340,0.3640557527542114,49.483353
21,-76.7476,995091,-18.958951950073242,0.1869779296875,45738,0.001,10.395519,995192,344,0.6762471199035645,49.483353
21,-76.7476,1006663,-17.674009323120117,0.18697779296875,46276,0.001,10.395519,1006764,348,0.3522026538848877,49.483353
21,-76.7476,1018235,-17.277996063232422,0.18697783203125,46813,0.001,10.395519,1018336,352,0.16768789291381836,49.483353
21,-76.7476,1029807,-18.486190795898438,0.186977734375,47350,0.001,10.395519,1029908,356,0.5823124647140503,49.483353
21,-76.7476,1041379,-18.811443328857422,0.186977734375,47888,0.001,10.395519,1041480,360,0.22081005573272705,49.483353
21,-76.7476,1052951,-16.315773010253906,0.18697787109375,48426,0.001,10.395519,1053052,364,0.19823908805847168,49.483353
21,-76.7476,1064523,-17.204648971557617,0.18697783203125,48964,0.001,10.395519,1064624,368,0.1885983943939209,49.483353
21,-76.7476,1076095,-17.239131927490234,0.18697791015625,49503,0.001,10.395519,1076196,372,0.6675864458084106,49.483353
21,-76.7476,1087667,-18.315696716308594,0.18697791015625,50043,0.001,10.395519,1087768,376,0.3908265233039856,49.483353
21,-76.7476,1099239,-18.95537567138672,0.18697779296875,50582,0.001,10.395519,1099340,380,0.22550979256629944,49.483353
21,-76.7476,1110811,-17.623374938964844,0.1869780078125,51120,0.001,10.395519,1110912,384,0.2964186668395996,49.483353
21,-76.7476,1122383,-18.862112045288086,0.18697814453125,51660,0.001,10.395519,1122484,388,0.13313555717468262,49.483353
21,-76.7476,1133955,-17.860382080078125,0.186978125,52205,0.001,10.395519,1134056,392,0.28071072697639465,49.483353
21,-76.7476,1145527,-17.717355728149414,0.18697802734375,52745,0.001,10.395519,1145628,396,0.17922252416610718,49.483353
21,-76.7476,1157099,-17.537790298461914,0.18697806640625,53284,0.001,10.395519,1157200,400,0.1645609736442566,49.483353
21,-76.7476,1168671,-17.838571548461914,0.1869781640625,53824,0.001,10.395519,1168772,404,0.11659437417984009,49.483353
21,-76.7476,1180243,-19.145627975463867,0.186978203125,54363,0.001,10.395519,1180344,408,0.24347910284996033,49.483353
21,-76.7476,1191815,-18.892850875854492,0.186978203125,54901,0.001,10.395519,1191916,412,0.1659681349992752,49.483353
21,-76.7476,1203387,-16.231121063232422,0.18697798828125,55439,0.001,10.395519,1203488,416,0.20507264137268066,49.483353
21,-76.7476,1214959,-17.19461441040039,0.18697796875,55980,0.001,10.395519,1215060,420,0.14783915877342224,49.483353
21,-76.7476,1226531,-18.307815551757812,0.1869778515625,56521,0.001,10.395519,1226632,424,0.29544180631637573,49.483353
21,-76.7476,1238103,-17.51357650756836,0.1869778515625,57064,0.001,10.395519,1238204,428,0.16221924126148224,49.483353
21,-76.7476,1249675,-19.27584457397461,0.18697787109375,57606,0.001,10.395519,1249776,432,0.21893244981765747,49.483353
21,-76.7476,1261247,-18.21763038635254,0.186977890625,58149,0.001,10.395519,1261348,436,0.1871611773967743,49.483353
21,-76.7476,1272819,-19.328289031982422,0.18697796875,58691,0.001,10.395519,1272920,440,0.3369871973991394,49.483353
21,-76.7476,1284391,-17.322744369506836,0.18697794921875,59234,0.001,10.395519,1284492,444,0.13364306092262268,49.483353
21,-76.7476,1295963,-19.742107391357422,0.18697783203125,59783,0.001,10.395519,1296064,448,0.19941283762454987,49.483353
21,-76.7476,1307535,-21.19861602783203,0.186978046875,60326,0.001,10.395519,1307636,452,0.18178918957710266,49.483353
21,-76.7476,1319107,-18.280677795410156,0.18697806640625,60869,0.001,10.395519,1319208,456,0.22153957188129425,49.483353
21,-76.7476,1330679,-18.639705657958984,0.18697814453125,61412,0.001,10.395519,1330780,460,0.11089707911014557,49.483353
21,-76.7476,1342251,-17.639795303344727,0.18697814453125,61956,0.001,10.395519,1342352,464,0.26341715455055237,49.483353
21,-76.7476,1353823,-19.475311279296875,0.18697796875,62499,0.001,10.395519,1353924,468,0.22063277661800385,49.483353
21,-76.7476,1365395,-16.831501007080078,0.1869780078125,63042,0.001,10.395519,1365496,472,0.2132815271615982,49.483353
21,-76.7476,1376967,-18.648883819580078,0.18697796875,63585,0.001,10.395519,1377068,476,0.13956467807292938,49.483353
21,-76.7476,1388539,-18.395910263061523,0.18697796875,64127,0.001,10.395519,1388640,480,0.10910115391016006,49.483353
21,-76.7476,1400111,-17.293603897094727,0.18697806640625,64670,0.001,10.395519,1400212,484,0.10671461373567581,49.483353
21,-76.7476,1411683,-15.549721717834473,0.18697802734375,65214,0.001,10.395519,1411784,488,0.14697247743606567,49.483353
21,-76.7476,1423255,-15.685108184814453,0.18697802734375,65758,0.001,10.395519,1423356,492,0.41818007826805115,49.483353
21,-76.7476,1434827,-17.006534576416016,0.18697802734375,66303,0.001,10.395519,1434928,496,0.18678131699562073,49.483353
21,-76.7476,1446399,-14.374334335327148,0.18697798828125,66848,0.001,10.395519,1446500,500,0.22590374946594238,49.483353
21,-76.7476,1457971,-17.33927345275879,0.18697796875,67399,0.001,10.395519,1458072,504,0.19529545307159424,49.483353
21,-76.7476,1469543,-15.70306396484375,0.18697796875,67943,0.001,10.395519,1469644,508,0.1530628651380539,49.483353
21,-76.7476,1481115,-14.555215835571289,0.18697802734375,68487,0.001,10.395519,1481216,512,0.14808441698551178,49.483353
21,-76.7476,1492687,-17.380638122558594,0.18697802734375,69030,0.001,10.395519,1492788,516,0.11713745445013046,49.483353
21,-76.7476,1504259,-16.648366928100586,0.18697796875,69575,0.001,10.395519,1504360,520,0.22416815161705017,49.483353
21,-76.7476,1515831,-17.808252334594727,0.1869780078125,70119,0.001,10.395519,1515932,524,0.1824100911617279,49.483353
21,-76.7476,1527403,-19.395118713378906,0.18697798828125,70664,0.001,10.395519,1527504,528,0.13886302709579468,49.483353
21,-76.7476,1538975,-18.853931427001953,0.18697798828125,71209,0.001,10.395519,1539076,532,0.11909502744674683,49.483353
21,-76.7476,1550547,-17.533405303955078,0.186977890625,71753,0.001,10.395519,1550648,536,0.10227620601654053,49.483353
21,-76.7476,1562119,-17.799243927001953,0.18697791015625,72299,0.001,10.395519,1562220,540,0.16639555990695953,49.483353
21,-76.7476,1573691,-18.410531997680664,0.18697787109375,72844,0.001,10.395519,1573792,544,0.2168697714805603,49.483353
21,-76.7476,1585263,-15.777302742004395,0.18697787109375,73390,0.001,10.395519,1585364,548,0.2338739037513733,49.483353
21,-76.7476,1596835,-16.560497283935547,0.18697791015625,73935,0.001,10.395519,1596936,552,0.1266668289899826,49.483353
21,-76.7476,1608407,-15.74014949798584,0.1869779296875,74481,0.001,10.395519,1608508,556,0.24541530013084412,49.483353
21,-76.7476,1619979,-19.91423225402832,0.1869779296875,75026,0.001,10.395519,1620080,560,0.19644348323345184,49.483353
21,-76.7476,1631551,-16.679931640625,0.18697796875,75572,0.001,10.395519,1631652,564,0.17255063354969025,49.483353
21,-76.7476,1643123,-18.236066818237305,0.18697796875,76126,0.001,10.395519,1643224,568,0.17094407975673676,49.483353
21,-76.7476,1654695,-19.903043746948242,0.18697798828125,76672,0.001,10.395519,1654796,572,0.15763074159622192,49.483353
21,-76.7476,1666267,-17.121524810791016,0.1869780078125,77217,0.001,10.395519,1666368,576,0.18959961831569672,49.483353
21,-76.7476,1677839,-15.74242115020752,0.18697818359375,77762,0.001,10.395519,1677940,580,0.14281925559043884,49.483353
21,-76.7476,1689411,-18.9600830078125,0.18697818359375,78306,0.001,10.395519,1689512,584,0.1241653636097908,49.483353
21,-76.7476,1700983,-18.438716888427734,0.18697796875,78850,0.001,10.395519,1701084,588,0.202436625957489,49.483353
21,-76.7476,1712555,-17.089031219482422,0.18697802734375,79395,0.001,10.395519,1712656,592,0.1454789936542511,49.483353
21,-76.7476,1724127,-16.3264102935791,0.18697796875,79941,0.001,10.395519,1724228,596,0.13199357688426971,49.483353
21,-76.7476,1735699,-18.340782165527344,0.18697796875,80487,0.001,10.395519,1735800,600,0.14470583200454712,49.483353
21,-76.7476,1747271,-17.946043014526367,0.18697802734375,81033,0.001,10.395519,1747372,604,0.2893487811088562,49.483353
21,-76.7476,1758843,-19.482797622680664,0.18697810546875,81578,0.001,10.395519,1758944,608,0.09782229363918304,49.483353
21,-76.7476,1770415,-17.891468048095703,0.1869780078125,82122,0.001,10.395519,1770516,612,0.10336265712976456,49.483353
21,-76.7476,1781987,-17.642961502075195,0.18697796875,82666,0.001,10.395519,1782088,616,0.13236382603645325,49.483353
21,-76.7476,1793559,-19.49744987487793,0.18697796875,83211,0.001,10.395519,1793660,620,0.114693284034729,49.483353
21,-76.7476,1805131,-16.336000442504883,0.1869780078125,83756,0.001,10.395519,1805232,624,0.1449699103832245,49.483353
21,-76.7476,1816703,-19.783023834228516,0.1869780078125,84300,0.001,10.395519,1816804,628,0.13149191439151764,49.483353
21,-76.7476,1828275,-16.115007400512695,0.18697810546875,84841,0.001,10.395519,1828376,632,0.07588468492031097,49.483353
21,-76.7476,1839847,-18.309911727905273,0.18697810546875,85383,0.001,10.395519,1839948,636,0.13779494166374207,49.483353
21,-76.7476,1851419,-18.910524368286133,0.18697810546875,85935,0.001,10.395519,1851520,640,0.16877785325050354,49.483353
21,-76.7476,1862991,-16.469921112060547,0.18697810546875,86479,0.001,10.395519,1863092,644,0.28948909044265747,49.483353
21,-76.7476,1874563,-19.018829345703125,0.186978125,87022,0.001,10.395519,1874664,648,0.10718908905982971,49.483353
21,-76.7476,1886135,-19.531034469604492,0.186978125,87566,0.001,10.395519,1886236,652,0.1571446657180786,49.483353
21,-76.7476,1897707,-16.680952072143555,0.186978125,88111,0.001,10.395519,1897808,656,0.11998975276947021,49.483353
21,-76.7476,1909279,-18.05443572998047,0.1869779296875,88656,0.001,10.395519,1909380,660,0.07826816290616989,49.483353
21,-76.7476,1920851,-20.032024383544922,0.18697794921875,89199,0.001,10.395519,1920952,664,0.1308622658252716,49.483353
21,-76.7476,1932423,-15.943490982055664,0.186977890625,89738,0.001,10.395519,1932524,668,0.15268126130104065,49.483353
21,-76.7476,1943995,-18.828643798828125,0.18697787109375,90278,0.001,10.395519,1944096,672,0.1373051404953003,49.483353
21,-76.7476,1955567,-19.209245681762695,0.1869779296875,90817,0.001,10.395519,1955668,676,0.3055480718612671,49.483353
21,-76.7476,1967139,-16.578413009643555,0.186977890625,91355,0.001,10.395519,1967240,680,0.21598465740680695,49.483353
21,-76.7476,1978711,-17.14494514465332,0.18697794921875,91895,0.001,10.395519,1978812,684,0.11057844758033752,49.483353
21,-76.7476,1990283,-21.88568115234375,0.18697794921875,92433,0.001,10.395519,1990384,688,0.4730501174926758,49.483353
21,-76.7476,2001855,-18.463062286376953,0.1869780859375,92971,0.001,10.395519,2001956,692,0.12978503108024597,49.483353
21,-76.7476,2013427,-18.46194839477539,0.1869780859375,93510,0.001,10.395519,2013528,696,0.19334453344345093,49.483353
21,-76.7476,2024999,-20.501026153564453,0.18697822265625,94047,0.001,10.395519,2025100,700,0.1335422843694687,49.483353
21,-76.7476,2036571,-17.288097381591797,0.18697822265625,94585,0.001,10.395519,2036672,704,0.19570346176624298,49.483353
21,-76.7476,2048143,-17.520776748657227,0.18697806640625,95123,0.001,10.395519,2048244,708,0.11101976782083511,49.483353
21,-76.7476,2059715,-16.982894897460938,0.18697798828125,95660,0.001,10.395519,2059816,712,0.33678576350212097,49.483353
21,-76.7476,2071287,-17.63025665283203,0.1869780859375,96207,0.001,10.395519,2071388,716,0.21966339647769928,49.483353
21,-76.7476,2082859,-18.136579513549805,0.186978046875,96744,0.001,10.395519,2082960,720,0.1327117681503296,49.483353
21,-76.7476,2094431,-17.845794677734375,0.1869780078125,97281,0.001,10.395519,2094532,724,0.07968869060277939,49.483353
21,-76.7476,2106003,-18.31233787536621,0.186978046875,97820,0.001,10.395519,2106104,728,0.1002076044678688,49.483353
21,-76.7476,2117575,-16.956384658813477,0.18697798828125,98358,0.001,10.395519,2117676,732,0.09224659204483032,49.483353
21,-76.7476,2129147,-18.798046112060547,0.1869779296875,98896,0.001,10.395519,2129248,736,0.16515687108039856,49.483353
21,-76.7476,2140719,-18.994260787963867,0.1869779296875,99435,0.001,10.395519,2140820,740,0.3120999038219452,49.483353
21,-76.7476,2152291,-16.122861862182617,0.18697794921875,99974,0.001,10.395519,2152392,744,0.10067348927259445,49.483353
21,-76.7476,2163863,-19.494943618774414,0.18697794921875,100512,0.001,10.395519,2163964,748,0.0873197540640831,49.483353
21,-76.7476,2175435,-18.85298728942871,0.18697806640625,101049,0.001,10.395519,2175536,752,0.11574380099773407,49.483353
21,-76.7476,2187007,-18.481170654296875,0.18697806640625,101586,0.001,10.395519,2187108,756,0.10986962914466858,49.483353
21,-76.7476,2198579,-16.49017333984375,0.1869779296875,102123,0.001,10.395519,2198680,760,0.15366095304489136,49.483353
21,-76.7476,2210151,-17.609182357788086,0.186978046875,102662,0.001,10.395519,2210252,764,0.17918068170547485,49.483353
21,-76.7476,2221723,-18.292003631591797,0.18697810546875,103200,0.001,10.395519,2221824,768,0.10830683261156082,49.483353
21,-76.7476,2233295,-18.82509994506836,0.18697810546875,103740,0.001,10.395519,2233396,772,0.08528229594230652,49.483353
21,-76.7476,2244867,-16.512928009033203,0.18697802734375,104278,0.001,10.395519,2244968,776,0.08747658878564835,49.483353
21,-76.7476,2256439,-19.391977310180664,0.18697798828125,104817,0.001,10.395519,2256540,780,0.09906141459941864,49.483353
21,-76.7476,2268011,-18.007408142089844,0.1869780859375,105355,0.001,10.395519,2268112,784,0.18176963925361633,49.483353
21,-76.7476,2279583,-19.22508430480957,0.186978046875,105893,0.001,10.395519,2279684,788,0.06633144617080688,49.483353
21,-76.7476,2291155,-19.385578155517578,0.186978046875,106432,0.001,10.395519,2291256,792,0.22359228134155273,49.483353
21,-76.7476,2302727,-21.006595611572266,0.18697794921875,106981,0.001,10.395519,2302828,796,0.1333092600107193,49.483353
21,-76.7476,2314299,-19.28814697265625,0.1869778515625,107519,0.001,10.395519,2314400,800,0.24641050398349762,49.483353
21,-76.7476,2325871,-17.060138702392578,0.1869779296875,108057,0.001,10.395519,2325972,804,0.06745151430368423,49.483353
21,-76.7476,2337443,-16.042226791381836,0.1869779296875,108595,0.001,10.395519,2337544,808,0.16621965169906616,49.483353
21,-76.7476,2349015,-17.016639709472656,0.18697767578125,109133,0.001,10.395519,2349116,812,0.14098875224590302,49.483353
21,-76.7476,2360587,-19.438919067382812,0.1869780859375,109671,0.001,10.395519,2360688,816,0.06581824272871017,49.483353
21,-76.7476,2372159,-17.61791229248047,0.1869782421875,110209,0.001,10.395519,2372260,820,0.17443858087062836,49.483353
21,-76.7476,2383731,-18.80428695678711,0.1869782421875,110747,0.001,10.395519,2383832,824,0.08529122918844223,49.483353
21,-76.7476,2395303,-18.956918716430664,0.186978046875,111285,0.001,10.395519,2395404,828,0.17152509093284607,49.483353
21,-76.7476,2406875,-17.307357788085938,0.186978046875,111824,0.001,10.395519,2406976,832,0.525923490524292,49.483353
21,-76.7476,2418447,-21.031064987182617,0.186978125,112362,0.001,10.395519,2418548,836,0.1530463546514511,49.483353
21,-76.7476,2430019,-18.05116081237793,0.1869780859375,112901,0.001,10.395519,2430120,840,0.10602132976055145,49.483353
21,-76.7476,2441591,-18.373228073120117,0.1869780859375,113439,0.001,10.395519,2441692,844,0.14402374625205994,49.483353
21,-76.7476,2453163,-20.005388259887695,0.18697794921875,113977,0.001,10.395519,2453264,848,0.09348592162132263,49.483353
21,-76.7476,2464735,-16.473430633544922,0.18697796875,114516,0.001,10.395519,2464836,852,0.10601165890693665,49.483353
21,-76.7476,2476307,-16.02102279663086,0.1869778125,115055,0.001,10.395519,2476408,856,0.07696971297264099,49.483353
21,-76.7476,2487879,-17.717243194580078,0.1869778125,115593,0.001,10.395519,2487980,860,0.19171126186847687,49.483353
21,-76.7476,2499451,-16.975561141967773,0.1869779296875,116132,0.001,10.395519,2499552,864,0.1623392403125763,49.483353
21,-76.7476,2511023,-19.919658660888672,0.1869779296875,116670,0.001,10.395519,2511124,868,0.18907390534877777,49.483353
21,-76.7476,2522595,-18.557464599609375,0.18697802734375,117208,0.001,10.395519,2522696,872,0.19444964826107025,49.483353
21,-76.7476,2534167,-16.88528823852539,0.1869780078125,117745,0.001,10.395519,2534268,876,0.11579631268978119,49.483353
21,-76.7476,2545739,-19.083805084228516,0.18697783203125,118283,0.001,10.395519,2545840,880,0.09828248620033264,49.483353
21,-76.7476,2557311,-18.29781150817871,0.18697806640625,118821,0.001,10.395519,2557412,884,0.072776198387146,49.483353
21,-76.7476,2568883,-18.659147262573242,0.1869780859375,119370,0.001,10.395519,2568984,888,0.09799574315547943,49.483353
21,-76.7476,2580455,-18.662328720092773,0.186978125,119908,0.001,10.395519,2580556,892,0.12378198653459549,49.483353
21,-76.7476,2592027,-19.410551071166992,0.186978125,120446,0.001,10.395519,2592128,896,0.09812486916780472,49.483353
21,-76.7476,2603599,-16.542339324951172,0.18697798828125,120983,0.001,10.395519,2603700,900,0.11706706881523132,49.483353
21,-76.7476,2615171,-15.762744903564453,0.18697806640625,121521,0.001,10.395519,2615272,904,0.10517679899930954,49.483353
21,-76.7476,2626743,-19.381881713867188,0.1869780078125,122059,0.001,10.395519,2626844,908,0.10458959639072418,49.483353
21,-76.7476,2638315,-18.218820571899414,0.1869780078125,122597,0.001,10.395519,2638416,912,0.13222061097621918,49.483353
21,-76.7476,2649887,-16.543087005615234,0.1869779296875,123136,0.001,10.395519,2649988,916,0.1150001585483551,49.483353
21,-76.7476,2661459,-18.574058532714844,0.1869778515625,123674,0.001,10.395519,2661560,920,0.077995166182518,49.483353
21,-76.7476,2673031,-17.859094619750977,0.18697794921875,124212,0.001,10.395519,2673132,924,0.07316797971725464,49.483353
21,-76.7476,2684603,-18.26265525817871,0.1869779296875,124751,0.001,10.395519,2684704,928,0.12550801038742065,49.483353
21,-76.7476,2696175,-18.797033309936523,0.18697771484375,125290,0.001,10.395519,2696276,932,0.08714130520820618,49.483353
21,-76.7476,2707747,-16.712223052978516,0.18697806640625,125828,0.001,10.395519,2707848,936,0.09340034425258636,49.483353
21,-76.7476,2719319,-18.796194076538086,0.18697806640625,126366,0.001,10.395519,2719420,940,0.13606727123260498,49.483353
21,-76.7476,2730891,-17.359989166259766,0.18697822265625,126904,0.001,10.395519,2730992,944,0.1682538390159607,49.483353
21,-76.7476,2742463,-19.116050720214844,0.18697822265625,127441,0.001,10.395519,2742564,948,0.1268455982208252,49.483353
21,-76.7476,2754035,-22.0255126953125,0.18697798828125,127980,0.001,10.395519,2754136,952,0.09601683914661407,49.483353
21,-76.7476,2765607,-19.005273818969727,0.186978046875,128518,0.001,10.395519,2765708,956,0.0625075027346611,49.483353
21,-76.7476,2777179,-18.387025833129883,0.18697798828125,129057,0.001,10.395519,2777280,960,0.12288513779640198,49.483353
21,-76.7476,2788751,-19.771072387695312,0.18697798828125,129596,0.001,10.395519,2788852,964,0.2687179446220398,49.483353
21,-76.7476,2800323,-16.818029403686523,0.18697806640625,130134,0.001,10.395519,2800424,968,0.13593369722366333,49.483353
21,-76.7476,2811895,-17.476428985595703,0.186978046875,130673,0.001,10.395519,2811996,972,0.12204212695360184,49.483353
21,-76.7476,2823467,-17.811742782592773,0.18697796875,131213,0.001,10.395519,2823568,976,0.0792945846915245,49.483353
21,-76.7476,2835039,-18.88127899169922,0.18697796875,131751,0.001,10.395519,2835140,980,0.11587865650653839,49.483353
21,-76.7476,2846611,-17.075838088989258,0.18697794921875,132304,0.001,10.395519,2846712,984,0.3261427581310272,49.483353
21,-76.7476,2858183,-17.118698120117188,0.18697798828125,132844,0.001,10.395519,2858284,988,0.09024085104465485,49.483353
21,-76.7476,2869755,-17.659555435180664,0.18697798828125,133383,0.001,10.395519,2869856,992,0.1269269734621048,49.483353
21,-76.7476,2881327,-16.909326553344727,0.18697806640625,133923,0.001,10.395519,2881428,996,0.09626908600330353,49.483353
21,-76.7476,2892899,-16.819015502929688,0.18697806640625,134462,0.001,10.395519,2893000,1000,0.10865282267332077,49.483353
21,-76.7476,2904471,-19.173255920410156,0.18697810546875,135001,0.001,10.395519,2904572,1004,0.22613830864429474,49.483353
21,-76.7476,2916043,-17.34743881225586,0.186978125,135538,0.001,10.395519,2916144,1008,0.13247132301330566,49.483353
21,-76.7476,2927615,-18.214792251586914,0.18697814453125,136075,0.001,10.395519,2927716,1012,0.1165790930390358,49.483353
21,-76.7476,2939187,-17.839258193969727,0.18697814453125,136613,0.001,10.395519,2939288,1016,0.09695236384868622,49.483353
21,-76.7476,2950759,-17.876346588134766,0.18697802734375,137150,0.001,10.395519,2950860,1020,0.12788152694702148,49.483353
21,-76.7476,2962331,-17.508743286132812,0.1869780859375,137689,0.001,10.395519,2962432,1024,0.10233492404222488,49.483353
21,-76.7476,2973903,-20.186988830566406,0.18697806640625,138229,0.001,10.395519,2974004,1028,0.06992827355861664,49.483353
21,-76.7476,2985475,-16.732269287109375,0.18697806640625,138768,0.001,10.395519,2985576,1032,0.11771738529205322,49.483353
21,-76.7476,2997047,-18.86770248413086,0.1869780078125,139307,0.001,10.395519,2997148,1036,0.08127404004335403,49.483353
21,-76.7476,3008619,-19.277769088745117,0.18697771484375,139845,0.001,10.395519,3008720,1040,0.0930623784661293,49.483353
21,-76.7476,3020191,-18.041507720947266,0.18697767578125,140384,0.001,10.395519,3020292,1044,0.0902428925037384,49.483353
21,-76.7476,3031763,-16.400850296020508,0.18697775390625,140924,0.001,10.395519,3031864,1048,0.17966146767139435,49.483353
21,-76.7476,3043335,-18.446243286132812,0.18697775390625,141465,0.001,10.395519,3043436,1052,0.09918202459812164,49.483353
21,-76.7476,3054907,-15.71613597869873,0.18697796875,142009,0.001,10.395519,3055008,1056,0.06684353202581406,49.483353
21,-76.7476,3066479,-16.297773361206055,0.18697796875,142548,0.001,10.395519,3066580,1060,0.05314333364367485,49.483353
21,-76.7476,3078051,-17.237648010253906,0.18697810546875,143088,0.001,10.395519,3078152,1064,0.14034625887870789,49.483353
21,-76.7476,3089623,-18.891984939575195,0.18697810546875,143628,0.001,10.395519,3089724,1068,0.10711599886417389,49.483353
21,-76.7476,3101195,-17.147247314453125,0.186978046875,144167,0.001,10.395519,3101296,1072,0.08840078860521317,49.483353
21,-76.7476,3112767,-19.400625228881836,0.1869780859375,144716,0.001,10.395519,3112868,1076,0.12135770916938782,49.483353
21,-76.7476,3124339,-20.831815719604492,0.18697802734375,145255,0.001,10.395519,3124440,1080,0.15143603086471558,49.483353
21,-76.7476,3135911,-18.39642333984375,0.18697802734375,145794,0.001,10.395519,3136012,1084,0.07191289216279984,49.483353
21,-76.7476,3147483,-19.434123992919922,0.1869780859375,146342,0.001,10.395519,3147584,1088,0.09827061742544174,49.483353
21,-76.7476,3159055,-18.423887252807617,0.186978125,146909,0.001,10.395519,3159156,1092,0.13579829037189484,49.483353
21,-76.7476,3170627,-19.04503631591797,0.18697806640625,147450,0.001,10.395519,3170728,1096,0.361907422542572,49.483353
21,-76.7476,3182199,-17.863752365112305,0.18697798828125,147990,0.001,10.395519,3182300,1100,0.20454028248786926,49.483353
21,-76.7476,3193771,-18.53406524658203,0.18697798828125,148531,0.001,10.395519,3193872,1104,0.0775446891784668,49.483353
21,-76.7476,3205343,-18.208295822143555,0.186978046875,149071,0.001,10.395519,3205444,1108,0.2799573242664337,49.483353
21,-76.7476,3216915,-18.221527099609375,0.186978046875,149609,0.001,10.395519,3217016,1112,0.05173255503177643,49.483353
21,-76.7476,3228487,-16.075674057006836,0.186978125,150148,0.001,10.395519,3228588,1116,0.05929853767156601,49.483353
21,-76.7476,3240059,-18.72735595703125,0.186978125,150687,0.001,10.395519,3240160,1120,0.07465174794197083,49.483353
21,-76.7476,3251631,-18.31144905090332,0.18697806640625,151226,0.001,10.395519,3251732,1124,0.10016638040542603,49.483353
21,-76.7476,3263203,-16.76378631591797,0.186978046875,151765,0.001,10.395519,3263304,1128,0.1798839122056961,49.483353
21,-76.7476,3274775,-18.358747482299805,0.18697806640625,152304,0.001,10.395519,3274876,1132,0.11866339296102524,49.483353
21,-76.7476,3286347,-19.914451599121094,0.18697806640625,152843,0.001,10.395519,3286448,1136,0.11295676231384277,49.483353
21,-76.7476,3297919,-18.480600357055664,0.18697787109375,153382,0.001,10.395519,3298020,1140,0.18798567354679108,49.483353
21,-76.7476,3309491,-19.307100296020508,0.1869778515625,153920,0.001,10.395519,3309592,1144,0.06014645844697952,49.483353
21,-76.7476,3321063,-17.560632705688477,0.18697787109375,154459,0.001,10.395519,3321164,1148,0.06952522695064545,49.483353
21,-76.7476,3332635,-16.946786880493164,0.1869777734375,154998,0.001,10.395519,3332736,1152,0.12605203688144684,49.483353
21,-76.7476,3344207,-20.828983306884766,0.1869778125,155538,0.001,10.395519,3344308,1156,0.056868962943553925,49.483353
21,-76.7476,3355779,-22.894664764404297,0.18697796875,156077,0.001,10.395519,3355880,1160,0.11770366877317429,49.483353
21,-76.7476,3367351,-18.17098617553711,0.186977890625,156617,0.001,10.395519,3367452,1164,0.07172859460115433,49.483353
21,-76.7476,3378923,-17.62722396850586,0.18697796875,157156,0.001,10.395519,3379024,1168,0.07319952547550201,49.483353
21,-76.7476,3390495,-13.194750785827637,0.18697796875,157695,0.001,10.395519,3390596,1172,0.1758912205696106,49.483353
21,-76.7476,3402067,-20.840347290039062,0.18697806640625,158235,0.001,10.395519,3402168,1176,0.14376476407051086,49.483353
21,-76.7476,3413639,-18.991256713867188,0.186978046875,158775,0.001,10.395519,3413740,1180,0.0807146355509758,49.483353
21,-76.7476,3425211,-16.380939483642578,0.18697814453125,159315,0.001,10.395519,3425312,1184,0.07251283526420593,49.483353
21,-76.7476,3436783,-17.6314697265625,0.18697814453125,159855,0.001,10.395519,3436884,1188,0.06609435379505157,49.483353
21,-76.7476,3448355,-19.9144287109375,0.186978046875,160395,0.001,10.395519,3448456,1192,0.09790113568305969,49.483353
21,-76.7476,3459927,-14.522945404052734,0.186978046875,160934,0.001,10.395519,3460028,1196,0.092667356133461,49.483353
21,-76.7476,3471499,-20.371675491333008,0.18697810546875,161473,0.001,10.395519,3471600,1200,0.09438499063253403,49.483353
21,-76.7476,3483071,-18.16867446899414,0.18697810546875,162012,0.001,10.395519,3483172,1204,0.07699330151081085,49.483353
21,-76.7476,3494643,-18.91267967224121,0.186978125,162568,0.001,10.395519,3494744,1208,0.04865076765418053,49.483353
21,-76.7476,3506215,-16.710052490234375,0.1869780078125,163107,0.001,10.395519,3506316,1212,0.08195631206035614,49.483353
21,-76.7476,3517787,-16.714487075805664,0.18697798828125,163646,0.001,10.395519,3517888,1216,0.06599872559309006,49.483353
21,-76.7476,3529359,-17.71331214904785,0.18697787109375,164185,0.001,10.395519,3529460,1220,0.257120817899704,49.483353
21,-76.7476,3540931,-17.341476440429688,0.18697787109375,164724,0.001,10.395519,3541032,1224,0.1052471175789833,49.483353
21,-76.7476,3552503,-19.496417999267578,0.18697802734375,165263,0.001,10.395519,3552604,1228,0.1400531530380249,49.483353
21,-76.7476,3564075,-18.814844131469727,0.18697802734375,165802,0.001,10.395519,3564176,1232,0.12910105288028717,49.483353
21,-76.7476,3575647,-20.34235382080078,0.1869780859375,166341,0.001,10.395519,3575748,1236,0.09197144955396652,49.483353
21,-76.7476,3587219,-17.499345779418945,0.1869780859375,166880,0.001,10.395519,3587320,1240,0.1517278254032135,49.483353
21,-76.7476,3598791,-17.63701629638672,0.1869779296875,167418,0.001,10.395519,3598892,1244,0.07340830564498901,49.483353
21,-76.7476,3610363,-17.5405216217041,0.186978046875,167957,0.001,10.395519,3610464,1248,0.0626676082611084,49.483353
21,-76.7476,3621935,-18.153118133544922,0.18697810546875,168496,0.001,10.395519,3622036,1252,0.08739696443080902,49.483353
21,-76.7476,3633507,-19.83534812927246,0.1869780859375,169035,0.001,10.395519,3633608,1256,0.0844225138425827,49.483353
21,-76.7476,3645079,-18.95400047302246,0.186977890625,169574,0.001,10.395519,3645180,1260,0.06481735408306122,49.483353
21,-76.7476,3656651,-16.578752517700195,0.18697779296875,170112,0.001,10.395519,3656752,1264,0.11276781558990479,49.483353
21,-76.7476,3668223,-17.627315521240234,0.18697783203125,170652,0.001,10.395519,3668324,1268,0.25126391649246216,49.483353
21,-76.7476,3679795,-17.98671531677246,0.1869777734375,171191,0.001,10.395519,3679896,1272,0.07341118156909943,49.483353
21,-76.7476,3691367,-17.144630432128906,0.1869777734375,171730,0.001,10.395519,3691468,1276,0.1285492181777954,49.483353
21,-76.7476,3702939,-16.37439727783203,0.18697787109375,172269,0.001,10.395519,3703040,1280,0.05925849825143814,49.483353
21,-76.7476,3714511,-17.59991455078125,0.1869778125,172810,0.001,10.395519,3714612,1284,0.08210815489292145,49.483353
21,-76.7476,3726083,-18.243242263793945,0.18697787109375,173351,0.001,10.395519,3726184,1288,0.05192757770419121,49.483353
21,-76.7476,3737655,-17.79836082458496,0.18697787109375,173892,0.001,10.395519,3737756,1292,0.15789072215557098,49.483353
21,-76.7476,3749227,-19.40264129638672,0.18697787109375,174433,0.001,10.395519,3749328,1296,0.06063063070178032,49.483353
21,-76.7476,3760799,-17.337820053100586,0.1869780078125,174973,0.001,10.395519,3760900,1300,0.09902378916740417,49.483353
21,-76.7476,3772371,-15.493980407714844,0.18697814453125,175513,0.001,10.395519,3772472,1304,0.07180055230855942,49.483353
21,-76.7476,3783943,-17.428470611572266,0.186978125,176052,0.001,10.395519,3784044,1308,0.06931213289499283,49.483353
21,-76.7476,3795515,-22.36578369140625,0.18697796875,176624,0.001,10.395519,3795616,1312,0.11328546702861786,49.483353
21,-76.7476,3807087,-16.301513671875,0.18697810546875,177161,0.001,10.395519,3807188,1316,0.09165017306804657,49.483353
21,-76.7476,3818659,-17.76994514465332,0.18697818359375,177699,0.001,10.395519,3818760,1320,0.09010946750640869,49.483353
21,-76.7476,3830231,-18.64580726623535,0.1869781640625,178237,0.001,10.395519,3830332,1324,0.07698433101177216,49.483353
21,-76.7476,3841803,-15.986735343933105,0.1869781640625,178775,0.001,10.395519,3841904,1328,0.08380194008350372,49.483353
21,-76.7476,3853375,-18.0440616607666,0.1869780078125,179332,0.001,10.395519,3853476,1332,0.09489040821790695,49.483353
21,-76.7476,3864947,-15.210912704467773,0.18697798828125,179870,0.001,10.395519,3865048,1336,0.0665259137749672,49.483353
21,-76.7476,3876519,-20.01087188720703,0.18697783203125,180408,0.001,10.395519,3876620,1340,0.17580796778202057,49.483353
21,-76.7476,3888091,-20.489391326904297,0.18697783203125,180947,0.001,10.395519,3888192,1344,0.12609237432479858,49.483353
21,-76.7476,3899663,-17.389892578125,0.18697787109375,181485,0.001,10.395519,3899764,1348,0.09611337631940842,49.483353
21,-76.7476,3911235,-15.897416114807129,0.18697794921875,182023,0.001,10.395519,3911336,1352,0.11039640009403229,49.483353
21,-76.7476,3922807,-17.074562072753906,0.18697802734375,182561,0.001,10.395519,3922908,1356,0.0696834996342659,49.483353
21,-76.7476,3934379,-17.70455551147461,0.1869780078125,183099,0.001,10.395519,3934480,1360,0.11867000162601471,49.483353
21,-76.7476,3945951,-16.294628143310547,0.186977890625,183637,0.001,10.395519,3946052,1364,0.21524518728256226,49.483353
21,-76.7476,3957523,-21.84172821044922,0.18697796875,184175,0.001,10.395519,3957624,1368,0.18766608834266663,49.483353
21,-76.7476,3969095,-19.588096618652344,0.18697798828125,184713,0.001,10.395519,3969196,1372,0.05800747498869896,49.483353
21,-76.7476,3980667,-20.767520904541016,0.1869780859375,185252,0.001,10.395519,3980768,1376,0.056025877594947815,49.483353
21,-76.7476,3992239,-19.095396041870117,0.1869780859375,185790,0.001,10.395519,3992340,1380,0.08431059867143631,49.483353
21,-76.7476,4003811,-17.72486114501953,0.18697794921875,186329,0.001,10.395519,4003912,1384,0.08492957800626755,49.483353
21,-76.7476,4015383,-16.564823150634766,0.18697802734375,186869,0.001,10.395519,4015484,1388,0.10138121247291565,49.483353
21,-76.7476,4026955,-20.350500106811523,0.1869780078125,187408,0.001,10.395519,4027056,1392,0.07751505821943283,49.483353
21,-76.7476,4038527,-15.0717191696167,0.1869780078125,187948,0.001,10.395519,4038628,1396,0.07908007502555847,49.483353
21,-76.7476,4050099,-16.27128791809082,0.1869780859375,188488,0.001,10.395519,4050200,1400,0.04502926021814346,49.483353
21,-76.7476,4061671,-17.976511001586914,0.186978046875,189026,0.001,10.395519,4061772,1404,0.06981697678565979,49.483353
21,-76.7476,4073243,-17.817859649658203,0.18697802734375,189564,0.001,10.395519,4073344,1408,0.11784384399652481,49.483353
21,-76.7476,4084815,-17.833311080932617,0.18697802734375,190103,0.001,10.395519,4084916,1412,0.08066374808549881,49.483353
21,-76.7476,4096387,-20.72338104248047,0.186977890625,190641,0.001,10.395519,4096488,1416,0.1678868979215622,49.483353
21,-76.7476,4107959,-16.456735610961914,0.18697794921875,191180,0.001,10.395519,4108060,1420,0.087270088493824,49.483353
21,-76.7476,4119531,-17.156658172607422,0.18697794921875,191720,0.001,10.395519,4119632,1424,0.08812154829502106,49.483353
21,-76.7476,4131103,-17.34636688232422,0.1869780078125,192259,0.001,10.395519,4131204,1428,0.08657994121313095,49.483353
21,-76.7476,4142675,-15.499557495117188,0.1869780078125,192798,0.001,10.395519,4142776,1432,0.06836660951375961,49.483353
21,-76.7476,4154247,-18.554738998413086,0.18697798828125,193338,0.001,10.395519,4154348,1436,0.09372182935476303,49.483353
21,-76.7476,4165819,-21.6108455657959,0.1869780859375,193877,0.001,10.395519,4165920,1440,0.04912702739238739,49.483353
21,-76.7476,4177391,-20.590620040893555,0.18697806640625,194417,0.001,10.395519,4177492,1444,0.05235302448272705,49.483353
21,-76.7476,4188963,-19.829872131347656,0.18697806640625,194957,0.001,10.395519,4189064,1448,0.09694550931453705,49.483353
21,-76.7476,4200535,-19.191556930541992,0.18697791015625,195497,0.001,10.395519,4200636,1452,0.08581355214118958,49.483353
21,-76.7476,4212107,-18.729047775268555,0.18697791015625,196037,0.001,10.395519,4212208,1456,0.060146648436784744,49.483353
21,-76.7476,4223679,-16.800920486450195,0.1869778515625,196577,0.001,10.395519,4223780,1460,0.044875968247652054,49.483353
21,-76.7476,4235251,-19.11705780029297,0.1869778515625,197117,0.001,10.395519,4235352,1464,0.10560905933380127,49.483353
21,-76.7476,4246823,-16.444581985473633,0.18697787109375,197678,0.001,10.395519,4246924,1468,0.04709600657224655,49.483353
21,-76.7476,4258395,-19.584312438964844,0.18697796875,198218,0.001,10.395519,4258496,1472,0.09906657040119171,49.483353
21,-76.7476,4269967,-17.40774154663086,0.18697796875,198756,0.001,10.395519,4270068,1476,0.031470753252506256,49.483353
21,-76.7476,4281539,-17.576005935668945,0.1869780078125,199295,0.001,10.395519,4281640,1480,0.06503845751285553,49.483353
21,-76.7476,4293111,-16.386337280273438,0.1869780078125,199834,0.001,10.395519,4293212,1484,0.19705744087696075,49.483353
21,-76.7476,4304683,-20.33437728881836,0.18697802734375,200374,0.001,10.395519,4304784,1488,0.06151673197746277,49.483353
21,-76.7476,4316255,-18.171497344970703,0.18697802734375,200914,0.001,10.395519,4316356,1492,0.09220536053180695,49.483353
21,-76.7476,4327827,-15.567018508911133,0.18697814453125,201454,0.001,10.395519,4327928,1496,0.2501336634159088,49.483353
21,-76.7476,4339399,-17.885887145996094,0.18697814453125,201995,0.001,10.395519,4339500,1500,0.10349832475185394,49.483353
21,-76.7476,4350971,-19.929231643676758,0.18697796875,202537,0.001,10.395519,4351072,1504,0.08154010772705078,49.483353
21,-76.7476,4362543,-19.387462615966797,0.186978046875,203075,0.001,10.395519,4362644,1508,0.10713250190019608,49.483353
21,-76.7476,4374115,-16.427928924560547,0.18697802734375,203614,0.001,10.395519,4374216,1512,0.11645098030567169,49.483353
21,-76.7476,4385687,-20.032236099243164,0.18697802734375,204153,0.001,10.395519,4385788,1516,0.09991224855184555,49.483353
21,-76.7476,4397259,-19.07033920288086,0.18697798828125,204693,0.001,10.395519,4397360,1520,0.07050216197967529,49.483353
21,-76.7476,4408831,-17.580886840820312,0.1869780859375,205231,0.001,10.395519,4408932,1524,0.04765653982758522,49.483353
21,-76.7476,4420403,-17.85177993774414,0.18697802734375,205770,0.001,10.395519,4420504,1528,0.0523335263133049,49.483353
21,-76.7476,4431975,-17.883235931396484,0.18697802734375,206309,0.001,10.395519,4432076,1532,0.12747041881084442,49.483353
21,-76.7476,4443547,-15.895849227905273,0.18697802734375,206848,0.001,10.395519,4443648,1536,0.11167005449533463,49.483353
21,-76.7476,4455119,-16.07989501953125,0.18697796875,207387,0.001,10.395519,4455220,1540,0.16251449286937714,49.483353
21,-76.7476,4466691,-18.01340103149414,0.18697796875,207926,0.001,10.395519,4466792,1544,0.05877692252397537,49.483353
21,-76.7476,4478263,-20.47638702392578,0.18697802734375,208465,0.001,10.395519,4478364,1548,0.07123272120952606,49.483353
21,-76.7476,4489835,-18.721904754638672,0.18697802734375,209004,0.001,10.395519,4489936,1552,0.06543837487697601,49.483353
21,-76.7476,4501407,-18.05121612548828,0.186978125,209544,0.001,10.395519,4501508,1556,0.10246542096138,49.483353
21,-76.7476,4512979,-16.127012252807617,0.18697810546875,210083,0.001,10.395519,4513080,1560,0.04649663716554642,49.483353
21,-76.7476,4524551,-18.882911682128906,0.18697814453125,210623,0.001,10.395519,4524652,1564,0.2949219346046448,49.483353
21,-76.7476,4536123,-17.42923355102539,0.18697814453125,211163,0.001,10.395519,4536224,1568,0.09174550324678421,49.483353
21,-76.7476,4547695,-19.78351593017578,0.18697810546875,211703,0.001,10.395519,4547796,1572,0.11805505305528641,49.483353
21,-76.7476,4559267,-17.799175262451172,0.18697798828125,212242,0.001,10.395519,4559368,1576,0.10133190453052521,49.483353
21,-76.7476,4570839,-18.049121856689453,0.18697798828125,212781,0.001,10.395519,4570940,1580,0.19510342180728912,49.483353
21,-76.7476,4582411,-17.78573989868164,0.1869779296875,213321,0.001,10.395519,4582512,1584,0.2920212149620056,49.483353
21,-76.7476,4593983,-17.97492027282715,0.1869779296875,213860,0.001,10.395519,4594084,1588,0.059447962790727615,49.483353
21,-76.7476,4605555,-14.354883193969727,0.18697791015625,214400,0.001,10.395519,4605656,1592,0.11003406345844269,49.483353
21,-76.7476,4617127,-17.26569175720215,0.18697787109375,214938,0.001,10.395519,4617228,1596,0.08143265545368195,49.483353
21,-76.7476,4628699,-16.819599151611328,0.1869779296875,215477,0.001,10.395519,4628800,1600,0.07589103281497955,49.483353
21,-76.7476,4640271,-17.007287979125977,0.1869779296875,216016,0.001,10.395519,4640372,1604,0.049426548182964325,49.483353
21,-76.7476,4651843,-18.167001724243164,0.18697806640625,216555,0.001,10.395519,4651944,1608,0.06408832967281342,49.483353
21,-76.7476,4663415,-17.48487091064453,0.186978046875,217094,0.001,10.395519,4663516,1612,0.05897430703043938,49.483353
21,-76.7476,4674987,-18.482784271240234,0.1869781640625,217657,0.001,10.395519,4675088,1616,0.11007171124219894,49.483353
21,-76.7476,4686559,-17.340267181396484,0.1869781640625,218196,0.001,10.395519,4686660,1620,0.0891774594783783,49.483353
21,-76.7476,4698131,-19.85345458984375,0.18697802734375,218735,0.001,10.395519,4698232,1624,0.05481922999024391,49.483353
21,-76.7476,4709703,-18.168132781982422,0.18697794921875,219274,0.001,10.395519,4709804,1628,0.05056127533316612,49.483353
21,-76.7476,4721275,-17.7271671295166,0.1869780078125,219812,0.001,10.395519,4721376,1632,0.11022846400737762,49.483353
21,-76.7476,4732847,-16.05741310119629,0.18697798828125,220351,0.001,10.395519,4732948,1636,0.08868740499019623,49.483353
21,-76.7476,4744419,-17.777820587158203,0.1869780078125,220889,0.001,10.395519,4744520,1640,0.04765200987458229,49.483353
21,-76.7476,4755991,-18.77898597717285,0.1869780859375,221428,0.001,10.395519,4756092,1644,0.07828079164028168,49.483353
21,-76.7476,4767563,-15.990140914916992,0.18697798828125,221983,0.001,10.395519,4767664,1648,0.05372847244143486,49.483353
21,-76.7476,4779135,-15.977948188781738,0.18697798828125,222523,0.001,10.395519,4779236,1652,0.057087093591690063,49.483353
21,-76.7476,4790707,-18.74725341796875,0.18697798828125,223064,0.001,10.395519,4790808,1656,0.22024637460708618,49.483353
21,-76.7476,4802279,-18.718311309814453,0.1869779296875,223604,0.001,10.395519,4802380,1660,0.0857524499297142,49.483353
21,-76.7476,4813851,-16.91297721862793,0.18697791015625,224143,0.001,10.395519,4813952,1664,0.0723324716091156,49.483353
21,-76.7476,4825423,-17.53548240661621,0.1869780078125,224683,0.001,10.395519,4825524,1668,0.054396700114011765,49.483353
21,-76.7476,4836995,-19.07158660888672,0.1869780078125,225222,0.001,10.395519,4837096,1672,0.1495668888092041,49.483353
21,-76.7476,4848567,-19.403947830200195,0.1869778515625,225762,0.001,10.395519,4848668,1676,0.052124205976724625,49.483353
21,-76.7476,4860139,-17.972932815551758,0.18697810546875,226301,0.001,10.395519,4860240,1680,0.07542061060667038,49.483353
21,-76.7476,4871711,-18.860713958740234,0.18697818359375,226839,0.001,10.395519,4871812,1684,0.19699233770370483,49.483353
21,-76.7476,4883283,-16.47353744506836,0.1869781640625,227378,0.001,10.395519,4883384,1688,0.05788644403219223,49.483353
21,-76.7476,4894855,-18.865638732910156,0.18697802734375,227917,0.001,10.395519,4894956,1692,0.049614034593105316,49.483353
21,-76.7476,4906427,-17.89606285095215,0.1869780859375,228457,0.001,10.395519,4906528,1696,0.23857299983501434,49.483353
21,-76.7476,4917999,-19.712574005126953,0.1869781640625,228996,0.001,10.395519,4918100,1700,0.09617459028959274,49.483353
21,-76.7476,4929571,-19.237913131713867,0.186978125,229535,0.001,10.395519,4929672,1704,0.11734827607870102,49.483353
21,-76.7476,4941143,-18.211193084716797,0.186978125,230075,0.001,10.395519,4941244,1708,0.11959416419267654,49.483353
21,-76.7476,4952715,-19.432342529296875,0.18697791015625,230615,0.001,10.395519,4952816,1712,0.03552469238638878,49.483353
21,-76.7476,4964287,-18.645898818969727,0.1869778125,231154,0.001,10.395519,4964388,1716,0.07419712096452713,49.483353
21,-76.7476,4975859,-17.03679084777832,0.186977890625,231693,0.001,10.395519,4975960,1720,0.05497986450791359,49.483353
21,-76.7476,4987431,-20.703060150146484,0.186977890625,232233,0.001,10.395519,4987532,1724,0.09071767330169678,49.483353
21,-76.7476,4999003,-17.82155418395996,0.18697767578125,232772,0.001,10.395519,4999104,1728,0.06353741884231567,49.483353
21,-76.7476,5010575,-20.80864143371582,0.18697806640625,233313,0.001,10.395519,5010676,1732,0.10027257353067398,49.483353
21,-76.7476,5022147,-18.615833282470703,0.1869782421875,233853,0.001,10.395519,5022248,1736,0.048923540860414505,49.483353
21,-76.7476,5033719,-18.083446502685547,0.18697822265625,234394,0.001,10.395519,5033820,1740,0.046916596591472626,49.483353
21,-76.7476,5045291,-19.863998413085938,0.18697806640625,234934,0.001,10.395519,5045392,1744,0.11323435604572296,49.483353
21,-76.7476,5056863,-15.519484519958496,0.18697802734375,235474,0.001,10.395519,5056964,1748,0.07278191298246384,49.483353
21,-76.7476,5068435,-18.644634246826172,0.1869780859375,236015,0.001,10.395519,5068536,1752,0.05530078709125519,49.483353
21,-76.7476,5080007,-16.836790084838867,0.186978046875,236554,0.001,10.395519,5080108,1756,0.06706409901380539,49.483353
21,-76.7476,5091579,-16.756372451782227,0.186978046875,237094,0.001,10.395519,5091680,1760,0.08334092050790787,49.483353
21,-76.7476,5103151,-16.405025482177734,0.18697806640625,237634,0.001,10.395519,5103252,1764,0.17583078145980835,49.483353
21,-76.7476,5114723,-17.10956382751465,0.18697802734375,238175,0.001,10.395519,5114824,1768,0.09730421006679535,49.483353
21,-76.7476,5126295,-15.312846183776855,0.18697796875,238715,0.001,10.395519,5126396,1772,0.26202592253685,49.483353
21,-76.7476,5137867,-18.366065979003906,0.18697796875,239282,0.001,10.395519,5137968,1776,0.09542694687843323,49.483353
21,-76.7476,5149439,-17.852703094482422,0.18697796875,239822,0.001,10.395519,5149540,1780,0.04859590902924538,49.483353
21,-76.7476,5161011,-16.30619239807129,0.18697791015625,240364,0.001,10.395519,5161112,1784,0.06434449553489685,49.483353
21,-76.7476,5172583,-15.747151374816895,0.1869780078125,240906,0.001,10.395519,5172684,1788,0.1049327403306961,49.483353
21,-76.7476,5184155,-17.623779296875,0.18697798828125,241447,0.001,10.395519,5184256,1792,0.1464894562959671,49.483353
21,-76.7476,5195727,-22.56189727783203,0.18697787109375,241989,0.001,10.395519,5195828,1796,0.07000099867582321,49.483353
21,-76.7476,5207299,-17.225446701049805,0.1869781640625,242531,0.001,10.395519,5207400,1800,0.07413462549448013,49.483353
21,-76.7476,5218871,-17.680313110351562,0.186978203125,243072,0.001,10.395519,5218972,1804,0.08309151232242584,49.483353
21,-76.7476,5230443,-16.68291664123535,0.186978203125,243614,0.001,10.395519,5230544,1808,0.09398742765188217,49.483353
21,-76.7476,5242015,-19.385570526123047,0.186978203125,244155,0.001,10.395519,5242116,1812,0.05736115947365761,49.483353
21,-76.7476,5253587,-17.44597053527832,0.18697806640625,244697,0.001,10.395519,5253688,1816,0.039248108863830566,49.483353
21,-76.7476,5265159,-18.33150291442871,0.186978125,245239,0.001,10.395519,5265260,1820,0.09047217667102814,49.483353
21,-76.7476,5276731,-17.456867218017578,0.18697806640625,245781,0.001,10.395519,5276832,1824,0.05108511447906494,49.483353
21,-76.7476,5288303,-17.28475570678711,0.18697806640625,246323,0.001,10.395519,5288404,1828,0.03873961418867111,49.483353
21,-76.7476,5299875,-17.266725540161133,0.18697798828125,246865,0.001,10.395519,5299976,1832,0.060287557542324066,49.483353
21,-76.7476,5311447,-15.861143112182617,0.18697787109375,247407,0.001,10.395519,5311548,1836,0.07427588850259781,49.483353
21,-76.7476,5323019,-15.511758804321289,0.18697794921875,247949,0.001,10.395519,5323120,1840,0.05201491713523865,49.483353
21,-76.7476,5334591,-17.372156143188477,0.1869779296875,248490,0.001,10.395519,5334692,1844,0.11689883470535278,49.483353
21,-76.7476,5346163,-20.04796600341797,0.18697767578125,249032,0.001,10.395519,5346264,1848,0.13050127029418945,49.483353
21,-76.7476,5357735,-19.791900634765625,0.186978046875,249573,0.001,10.395519,5357836,1852,0.30210527777671814,49.483353
21,-76.7476,5369307,-18.954484939575195,0.186978046875,250114,0.001,10.395519,5369408,1856,0.11348281055688858,49.483353
21,-76.7476,5380879,-15.811827659606934,0.186978203125,250655,0.001,10.395519,5380980,1860,0.08220355212688446,49.483353
21,-76.7476,5392451,-18.74431037902832,0.186978203125,251196,0.001,10.395519,5392552,1864,0.1348380595445633,49.483353
21,-76.7476,5404023,-15.769119262695312,0.18697802734375,251737,0.001,10.395519,5404124,1868,0.03978472948074341,49.483353
21,-76.7476,5415595,-17.48516845703125,0.18697810546875,252279,0.001,10.395519,5415696,1872,0.07432861626148224,49.483353
21,-76.7476,5427167,-18.622880935668945,0.186978046875,252821,0.001,10.395519,5427268,1876,0.09131716936826706,49.483353
21,-76.7476,5438739,-17.510223388671875,0.186978046875,253363,0.001,10.395519,5438840,1880,0.07775519788265228,49.483353
21,-76.7476,5450311,-21.528881072998047,0.1869780859375,253905,0.001,10.395519,5450412,1884,0.06756328791379929,49.483353
21,-76.7476,5461883,-20.015457153320312,0.18697802734375,254446,0.001,10.395519,5461984,1888,0.11508914083242416,49.483353
21,-76.7476,5473455,-20.483760833740234,0.18697802734375,254987,0.001,10.395519,5473556,1892,0.22866325080394745,49.483353
21,-76.7476,5485027,-19.36275291442871,0.18697802734375,255528,0.001,10.395519,5485128,1896,0.14102379977703094,49.483353
21,-76.7476,5496599,-20.517719268798828,0.18697802734375,256068,0.001,10.395519,5496700,1900,0.05088675767183304,49.483353
21,-76.7476,5508171,-18.14145278930664,0.18697796875,256610,0.001,10.395519,5508272,1904,0.08226413279771805,49.483353
21,-76.7476,5519743,-17.755722045898438,0.18697798828125,257153,0.001,10.395519,5519844,1908,0.11016614735126495,49.483353
21,-76.7476,5531315,-20.498464584350586,0.18697806640625,257695,0.001,10.395519,5531416,1912,0.06360609084367752,49.483353
21,-76.7476,5542887,-15.415938377380371,0.18697806640625,258237,0.001,10.395519,5542988,1916,0.2141818404197693,49.483353
21,-76.7476,5554459,-17.04446029663086,0.18697806640625,258779,0.001,10.395519,5554560,1920,0.06732207536697388,49.483353
21,-76.7476,5566031,-19.333364486694336,0.1869780859375,259320,0.001,10.395519,5566132,1924,0.14413395524024963,49.483353
21,-76.7476,5577603,-19.95674705505371,0.186978125,259861,0.001,10.395519,5577704,1928,0.23104608058929443,49.483353
21,-76.7476,5589175,-16.909128189086914,0.186978125,260402,0.001,10.395519,5589276,1932,0.03923146426677704,49.483353
21,-76.7476,5600747,-17.655113220214844,0.18697796875,260943,0.001,10.395519,5600848,1936,0.056460339576005936,49.483353
21,-76.7476,5612319,-16.14773941040039,0.186978046875,261485,0.001,10.395519,5612420,1940,0.3654535412788391,49.483353
21,-76.7476,5623891,-18.33323097229004,0.18697794921875,262028,0.001,10.395519,5623992,1944,0.06690623611211777,49.483353
21,-76.7476,5635463,-18.72821807861328,0.18697794921875,262568,0.001,10.395519,5635564,1948,0.06855012476444244,49.483353
21,-76.7476,5647035,-19.40654754638672,0.1869778515625,263138,0.001,10.395519,5647136,1952,0.08936041593551636,49.483353
21,-76.7476,5658607,-20.172832489013672,0.1869778515625,263677,0.001,10.395519,5658708,1956,0.06900312006473541,49.483353
21,-76.7476,5670179,-18.897153854370117,0.18697779296875,264217,0.001,10.395519,5670280,1960,0.05913626402616501,49.483353
21,-76.7476,5681751,-18.315736770629883,0.18697783203125,264757,0.001,10.395519,5681852,1964,0.297125905752182,49.483353
21,-76.7476,5693323,-15.946060180664062,0.18697783203125,265296,0.001,10.395519,5693424,1968,0.0772109180688858,49.483353
21,-76.7476,5704895,-15.039670944213867,0.18697796875,265836,0.001,10.395519,5704996,1972,0.06427991390228271,49.483353
21,-76.7476,5716467,-17.136716842651367,0.18697796875,266376,0.001,10.395519,5716568,1976,0.07074911892414093,49.483353
21,-76.7476,5728039,-18.421615600585938,0.186978125,266916,0.001,10.395519,5728140,1980,0.05641414225101471,49.483353
21,-76.7476,5739611,-17.82526397705078,0.186978125,267455,0.001,10.395519,5739712,1984,0.10177473723888397,49.483353
21,-76.7476,5751183,-18.052989959716797,0.18697796875,267995,0.001,10.395519,5751284,1988,0.1298932284116745,49.483353
21,-76.7476,5762755,-20.59069061279297,0.18697806640625,268536,0.001,10.395519,5762856,1992,0.04486479610204697,49.483353
21,-76.7476,5774327,-15.38121223449707,0.1869780078125,269078,0.001,10.395519,5774428,1996,0.06076287850737572,49.483353
21,-76.7476,5785899,-18.394472122192383,0.1869780078125,269619,0.001,10.395519,5786000,2000,0.07494598627090454,49.483353
21,-76.7476,5797471,-20.060039520263672,0.186978046875,270159,0.001,10.395519,5797572,2004,0.03877579793334007,49.483353
21,-76.7476,5809043,-17.916526794433594,0.186978125,270700,0.001,10.395519,5809144,2008,0.05932728946208954,49.483353
21,-76.7476,5820615,-18.715309143066406,0.18697802734375,271240,0.001,10.395519,5820716,2012,0.09459297358989716,49.483353
21,-76.7476,5832187,-14.401514053344727,0.18697802734375,271780,0.001,10.395519,5832288,2016,0.04885697364807129,49.483353
21,-76.7476,5843759,-18.742525100708008,0.18697802734375,272320,0.001,10.395519,5843860,2020,0.04151592776179314,49.483353
21,-76.7476,5855331,-18.3895320892334,0.18697806640625,272860,0.001,10.395519,5855432,2024,0.07119765877723694,49.483353
21,-76.7476,5866903,-16.840682983398438,0.18697806640625,273400,0.001,10.395519,5867004,2028,0.0919966921210289,49.483353
21,-76.7476,5878475,-20.352767944335938,0.18697814453125,273940,0.001,10.395519,5878576,2032,0.10332907736301422,49.483353
21,-76.7476,5890047,-19.094392776489258,0.18697814453125,274480,0.001,10.395519,5890148,2036,0.0506422258913517,49.483353
21,-76.7476,5901619,-19.31831169128418,0.18697806640625,275020,0.001,10.395519,5901720,2040,0.10895301401615143,49.483353
21,-76.7476,5913191,-18.192943572998047,0.186978046875,275560,0.001,10.395519,5913292,2044,0.03823194280266762,49.483353
21,-76.7476,5924763,-18.38541603088379,0.18697806640625,276099,0.001,10.395519,5924864,2048,0.06658465415239334,49.483353
21,-76.7476,5936335,-17.010400772094727,0.18697806640625,276639,0.001,10.395519,5936436,2052,0.04362140968441963,49.483353
21,-76.7476,5947907,-17.586824417114258,0.186977890625,277179,0.001,10.395519,5948008,2056,0.1313757449388504,49.483353
21,-76.7476,5959479,-17.12103271484375,0.1869778515625,277719,0.001,10.395519,5959580,2060,0.0507160983979702,49.483353
21,-76.7476,5971051,-19.375288009643555,0.1869779296875,278260,0.001,10.395519,5971152,2064,0.05583244562149048,49.483353
21,-76.7476,5982623,-17.72861099243164,0.186977890625,278801,0.001,10.395519,5982724,2068,0.08060550689697266,49.483353
21,-76.7476,5994195,-18.03366470336914,0.18697783203125,279341,0.001,10.395519,5994296,2072,0.08662153035402298,49.483353
21,-76.7476,6005767,-17.373939514160156,0.18697779296875,279883,0.001,10.395519,6005868,2076,0.06900689750909805,49.483353
21,-76.7476,6017339,-16.822656631469727,0.186977734375,280424,0.001,10.395519,6017440,2080,0.1258007287979126,49.483353
21,-76.7476,6028911,-19.816679000854492,0.18697775390625,280966,0.001,10.395519,6029012,2084,0.054538480937480927,49.483353
21,-76.7476,6040483,-17.248992919921875,0.18697775390625,281508,0.001,10.395519,6040584,2088,0.21019341051578522,49.483353
21,-76.7476,6052055,-16.330217361450195,0.186978046875,282050,0.001,10.395519,6052156,2092,0.06302081048488617,49.483353
21,-76.7476,6063627,-18.00320053100586,0.18697802734375,282590,0.001,10.395519,6063728,2096,0.06924650818109512,49.483353
21,-76.7476,6075199,-16.934680938720703,0.1869780859375,283130,0.001,10.395519,6075300,2100,0.10603559762239456,49.483353
21,-76.7476,6086771,-17.908246994018555,0.1869780859375,283671,0.001,10.395519,6086872,2104,0.08435443043708801,49.483353
21,-76.7476,6098343,-19.17789649963379,0.18697794921875,284211,0.001,10.395519,6098444,2108,0.07954094558954239,49.483353
21,-76.7476,6109915,-15.717129707336426,0.186978046875,284751,0.001,10.395519,6110016,2112,0.03886307030916214,49.483353
21,-76.7476,6121487,-16.81747817993164,0.18697810546875,285292,0.001,10.395519,6121588,2116,0.09265163540840149,49.483353
21,-76.7476,6133059,-16.609432220458984,0.186978125,285834,0.001,10.395519,6133160,2120,0.08351289480924606,49.483353
21,-76.7476,6144631,-16.21233558654785,0.186978125,286375,0.001,10.395519,6144732,2124,0.10237082839012146,49.483353
21,-76.7476,6156203,-20.06944465637207,0.18697810546875,286916,0.001,10.395519,6156304,2128,0.0391283743083477,49.483353
21,-76.7476,6167775,-18.78137969970703,0.1869780859375,287458,0.001,10.395519,6167876,2132,0.2906385362148285,49.483353
21,-76.7476,6179347,-16.63923454284668,0.18697796875,288001,0.001,10.395519,6179448,2136,0.03614288568496704,49.483353
21,-76.7476,6190919,-18.92833137512207,0.18697796875,288544,0.001,10.395519,6191020,2140,0.04237493872642517,49.483353
21,-76.7476,6202491,-17.562313079833984,0.18697798828125,289118,0.001,10.395519,6202592,2144,0.07372283935546875,49.483353
21,-76.7476,6214063,-15.838388442993164,0.18697798828125,289660,0.001,10.395519,6214164,2148,0.06192799657583237,49.483353
21,-76.7476,6225635,-16.667648315429688,0.18697806640625,290202,0.001,10.395519,6225736,2152,0.0407492071390152,49.483353
21,-76.7476,6237207,-18.61591339111328,0.18697806640625,290744,0.001,10.395519,6237308,2156,0.10580935329198837,49.483353
21,-76.7476,6248779,-20.045917510986328,0.186977890625,291287,0.001,10.395519,6248880,2160,0.1101599633693695,49.483353
21,-76.7476,6260351,-19.72189712524414,0.18697802734375,291829,0.001,10.395519,6260452,2164,0.04810161143541336,49.483353
21,-76.7476,6271923,-19.504871368408203,0.18697806640625,292372,0.001,10.395519,6272024,2168,0.07127717137336731,49.483353
21,-76.7476,6283495,-16.514850616455078,0.18697806640625,292913,0.001,10.395519,6283596,2172,0.07304011285305023,49.483353
21,-76.7476,6295067,-19.070556640625,0.18697791015625,293456,0.001,10.395519,6295168,2176,0.0268577728420496,49.483353
21,-76.7476,6306639,-17.077199935913086,0.18697783203125,293998,0.001,10.395519,6306740,2180,0.04198368638753891,49.483353
21,-76.7476,6318211,-19.45438003540039,0.18697787109375,294540,0.001,10.395519,6318312,2184,0.1254923790693283,49.483353
21,-76.7476,6329783,-20.983638763427734,0.1869778125,295081,0.001,10.395519,6329884,2188,0.04899616539478302,49.483353
21,-76.7476,6341355,-18.215850830078125,0.1869778125,295623,0.001,10.395519,6341456,2192,0.16142258048057556,49.483353
21,-76.7476,6352927,-18.894611358642578,0.18697794921875,296165,0.001,10.395519,6353028,2196,0.07320104539394379,49.483353
21,-76.7476,6364499,-17.450782775878906,0.18697791015625,296707,0.001,10.395519,6364600,2200,0.16620658338069916,49.483353
21,-76.7476,6376071,-17.982513427734375,0.18697794921875,297250,0.001,10.395519,6376172,2204,0.053989652544260025,49.483353
21,-76.7476,6387643,-18.227476119995117,0.18697794921875,297793,0.001,10.395519,6387744,2208,0.06114264950156212,49.483353
21,-76.7476,6399215,-19.125356674194336,0.18697787109375,298335,0.001,10.395519,6399316,2212,0.04545414820313454,49.483353
21,-76.7476,6410787,-18.60868263244629,0.1869780078125,298877,0.001,10.395519,6410888,2216,0.04430750757455826,49.483353
21,-76.7476,6422359,-20.01325225830078,0.186978125,299419,0.001,10.395519,6422460,2220,0.04848690703511238,49.483353
21,-76.7476,6433931,-17.544435501098633,0.18697810546875,299960,0.001,10.395519,6434032,2224,0.10664719343185425,49.483353
21,-76.7476,6445503,-16.708885192871094,0.18697798828125,300501,0.001,10.395519,6445604,2228,0.03491776064038277,49.483353
21,-76.7476,6457075,-18.411155700683594,0.1869780859375,301044,0.001,10.395519,6457176,2232,0.07823455333709717,49.483353
21,-76.7476,6468647,-19.828224182128906,0.18697818359375,301587,0.001,10.395519,6468748,2236,0.057251572608947754,49.483353
21,-76.7476,6480219,-18.674358367919922,0.1869781640625,302130,0.001,10.395519,6480320,2240,0.1595384180545807,49.483353
21,-76.7476,6491791,-16.060522079467773,0.1869781640625,302672,0.001,10.395519,6491892,2244,0.047687411308288574,49.483353
21,-76.7476,6503363,-15.291753768920898,0.18697794921875,303215,0.001,10.395519,6503464,2248,0.09784480929374695,49.483353
21,-76.7476,6514935,-18.891944885253906,0.18697794921875,303758,0.001,10.395519,6515036,2252,0.06682361662387848,49.483353
21,-76.7476,6526507,-17.260995864868164,0.18697791015625,304301,0.001,10.395519,6526608,2256,0.10431796312332153,49.483353
21,-76.7476,6538079,-19.838830947875977,0.18697791015625,304843,0.001,10.395519,6538180,2260,0.08884131908416748,49.483353
21,-76.7476,6549651,-19.417112350463867,0.18697794921875,305386,0.001,10.395519,6549752,2264,0.07205285876989365,49.483353
21,-76.7476,6561223,-17.289592742919922,0.18697798828125,305928,0.001,10.395519,6561324,2268,0.08746316283941269,49.483353
21,-76.7476,6572795,-18.21000862121582,0.186978046875,306469,0.001,10.395519,6572896,2272,0.1286182850599289,49.483353
21,-76.7476,6584367,-21.39996337890625,0.18697802734375,307011,0.001,10.395519,6584468,2276,0.07861163467168808,49.483353
21,-76.7476,6595939,-17.946584701538086,0.186977890625,307552,0.001,10.395519,6596040,2280,0.04207368940114975,49.483353
21,-76.7476,6607511,-17.658292770385742,0.186978125,308094,0.001,10.395519,6607612,2284,0.0451170839369297,49.483353
21,-76.7476,6619083,-16.502178192138672,0.18697814453125,308636,0.001,10.395519,6619184,2288,0.04145058989524841,49.483353
21,-76.7476,6630655,-20.892230987548828,0.1869781640625,309179,0.001,10.395519,6630756,2292,0.05090940371155739,49.483353
21,-76.7476,6642227,-17.308185577392578,0.1869781640625,309722,0.001,10.395519,6642328,2296,0.05643124505877495,49.483353
21,-76.7476,6653799,-17.858623504638672,0.18697796875,310266,0.001,10.395519,6653900,2300,0.045679543167352676,49.483353
21,-76.7476,6665371,-15.502540588378906,0.1869780078125,310860,0.001,10.395519,6665472,2304,0.07978608459234238,49.483353
21,-76.7476,6676943,-17.95751953125,0.18697796875,311452,0.001,10.395519,6677044,2308,0.07803573459386826,49.483353
21,-76.7476,6688515,-19.570507049560547,0.18697796875,312045,0.001,10.395519,6688616,2312,0.09926755726337433,49.483353
21,-76.7476,6700087,-18.989654541015625,0.1869780859375,312645,0.001,10.395519,6700188,2316,0.05762751027941704,49.483353
21,-76.7476,6711659,-18.130329132080078,0.1869780078125,313241,0.001,10.395519,6711760,2320,0.03822010010480881,49.483353
21,-76.7476,6723231,-16.8172550201416,0.18697796875,313838,0.001,10.395519,6723332,2324,0.057341065257787704,49.483353
21,-76.7476,6734803,-18.43600845336914,0.18697796875,314430,0.001,10.395519,6734904,2328,0.0808509811758995,49.483353
21,-76.7476,6746375,-18.32693099975586,0.1869780078125,315028,0.001,10.395519,6746476,2332,0.054191261529922485,49.483353
21,-76.7476,6757947,-19.876792907714844,0.18697791015625,315613,0.001,10.395519,6758048,2336,0.23383232951164246,49.483353
21,-76.7476,6769519,-19.659496307373047,0.18697791015625,316206,0.001,10.395519,6769620,2340,0.06937303394079208,49.483353
21,-76.7476,6781091,-18.099166870117188,0.1869780078125,316800,0.001,10.395519,6781192,2344,0.06354881078004837,49.483353
21,-76.7476,6792663,-16.643470764160156,0.1869780078125,317435,0.001,10.395519,6792764,2348,0.03124234639108181,49.483353
21,-76.7476,6804235,-15.636137008666992,0.1869780078125,318034,0.001,10.395519,6804336,2352,0.034863900393247604,49.483353
21,-76.7476,6815807,-18.94306755065918,0.186978046875,318623,0.001,10.395519,6815908,2356,0.05969341844320297,49.483353
21,-76.7476,6827379,-17.3975772857666,0.186978046875,319216,0.001,10.395519,6827480,2360,0.0639190599322319,49.483353
21,-76.7476,6838951,-16.58717155456543,0.186978046875,319812,0.001,10.395519,6839052,2364,0.8974918127059937,49.483353
21,-76.7476,6850523,-16.65226936340332,0.1869779296875,320405,0.001,10.395519,6850624,2368,0.047111354768276215,49.483353
21,-76.7476,6862095,-15.458099365234375,0.1869779296875,320998,0.001,10.395519,6862196,2372,0.2922669053077698,49.483353
21,-76.7476,6873667,-14.97273063659668,0.1869778125,321590,0.001,10.395519,6873768,2376,0.12444109469652176,49.483353
21,-76.7476,6885239,-17.82427978515625,0.1869778125,322183,0.001,10.395519,6885340,2380,0.07310640811920166,49.483353
21,-76.7476,6896811,-19.282760620117188,0.18697783203125,322778,0.001,10.395519,6896912,2384,0.05444684624671936,49.483353
21,-76.7476,6908383,-18.54234504699707,0.1869779296875,323370,0.001,10.395519,6908484,2388,0.10538747161626816,49.483353
21,-76.7476,6919955,-19.560489654541016,0.1869779296875,323964,0.001,10.395519,6920056,2392,0.05863695591688156,49.483353
21,-76.7476,6931527,-18.883928298950195,0.18697798828125,324549,0.001,10.395519,6931628,2396,0.07847928255796432,49.483353
21,-76.7476,6943099,-18.193958282470703,0.18697798828125,325140,0.001,10.395519,6943200,2400,0.04446060582995415,49.483353
21,-76.7476,6954671,-20.174270629882812,0.18697798828125,325733,0.001,10.395519,6954772,2404,0.05731290951371193,49.483353
21,-76.7476,6966243,-17.929086685180664,0.18697798828125,326322,0.001,10.395519,6966344,2408,0.13712328672409058,49.483353
21,-76.7476,6977815,-21.92516326904297,0.186978125,326897,0.001,10.395519,6977916,2412,0.08998552709817886,49.483353
21,-76.7476,6989387,-15.108592987060547,0.186978125,327441,0.001,10.395519,6989488,2416,0.0668306052684784,49.483353
21,-76.7476,7000959,-18.67692756652832,0.1869779296875,327985,0.001,10.395519,7001060,2420,0.09447412937879562,49.483353
21,-76.7476,7012531,-18.446617126464844,0.18697798828125,328528,0.001,10.395519,7012632,2424,0.08487893640995026,49.483353
21,-76.7476,7024103,-20.312532424926758,0.18697794921875,329070,0.001,10.395519,7024204,2428,0.04902321845293045,49.483353
21,-76.7476,7035675,-17.335704803466797,0.18697794921875,329613,0.001,10.395519,7035776,2432,0.19825801253318787,49.483353
21,-76.7476,7047247,-17.10657501220703,0.18697791015625,330156,0.001,10.395519,7047348,2436,0.04579372704029083,49.483353
21,-76.7476,7058819,-20.262121200561523,0.186978046875,330698,0.001,10.395519,7058920,2440,0.08486473560333252,49.483353
21,-76.7476,7070391,-19.3892822265625,0.18697796875,331241,0.001,10.395519,7070492,2444,0.04033703729510307,49.483353
21,-76.7476,7081963,-17.515546798706055,0.18697796875,331784,0.001,10.395519,7082064,2448,0.11475460231304169,49.483353
21,-76.7476,7093535,-17.624408721923828,0.18697796875,332327,0.001,10.395519,7093636,2452,0.08491936326026917,49.483353
21,-76.7476,7105107,-17.668169021606445,0.18697798828125,332870,0.001,10.395519,7105208,2456,0.1484432816505432,49.483353
21,-76.7476,7116679,-18.86602783203125,0.18697796875,333414,0.001,10.395519,7116780,2460,0.042934637516736984,49.483353
21,-76.7476,7128251,-18.525575637817383,0.18697806640625,333958,0.001,10.395519,7128352,2464,0.031105615198612213,49.483353
21,-76.7476,7139823,-22.194421768188477,0.18697806640625,334501,0.001,10.395519,7139924,2468,0.11060921847820282,49.483353
21,-76.7476,7151395,-18.791921615600586,0.1869780859375,335045,0.001,10.395519,7151496,2472,0.03958817198872566,49.483353
21,-76.7476,7162967,-16.099502563476562,0.18697810546875,335589,0.001,10.395519,7163068,2476,0.06391964852809906,49.483353
21,-76.7476,7174539,-19.894052505493164,0.18697814453125,336133,0.001,10.395519,7174640,2480,0.0592978335916996,49.483353
21,-76.7476,7186111,-17.67190170288086,0.18697814453125,336677,0.001,10.395519,7186212,2484,0.03982457146048546,49.483353
21,-76.7476,7197683,-20.219799041748047,0.186978125,337218,0.001,10.395519,7197784,2488,0.06900276243686676,49.483353
21,-76.7476,7209255,-20.060806274414062,0.18697798828125,337761,0.001,10.395519,7209356,2492,0.04352627694606781,49.483353
21,-76.7476,7220827,-18.7363338470459,0.18697798828125,338304,0.001,10.395519,7220928,2496,0.0433407761156559,49.483353
21,-76.7476,7232399,-19.081035614013672,0.18697796875,338847,0.001,10.395519,7232500,2500,0.035816289484500885,49.483353
21,-76.7476,7243971,-19.7260684967041,0.18697791015625,339390,0.001,10.395519,7244072,2504,0.05971546098589897,49.483353
21,-76.7476,7255543,-17.66954231262207,0.1869779296875,339932,0.001,10.395519,7255644,2508,0.11671675741672516,49.483353
21,-76.7476,7267115,-19.776777267456055,0.1869779296875,340474,0.001,10.395519,7267216,2512,0.04932829737663269,49.483353
21,-76.7476,7278687,-19.11602783203125,0.18697798828125,341016,0.001,10.395519,7278788,2516,0.20266538858413696,49.483353
21,-76.7476,7290259,-17.653196334838867,0.18697798828125,341556,0.001,10.395519,7290360,2520,0.09576041251420975,49.483353
21,-76.7476,7301831,-17.4510498046875,0.18697806640625,342096,0.001,10.395519,7301932,2524,0.06500451266765594,49.483353
21,-76.7476,7313403,-17.411239624023438,0.1869780859375,342636,0.001,10.395519,7313504,2528,0.03452045097947121,49.483353
21,-76.7476,7324975,-18.051738739013672,0.18697826171875,343175,0.001,10.395519,7325076,2532,0.07455480843782425,49.483353
21,-76.7476,7336547,-17.194616317749023,0.18697826171875,343714,0.001,10.395519,7336648,2536,0.16908511519432068,49.483353
21,-76.7476,7348119,-18.927520751953125,0.1869780859375,344253,0.001,10.395519,7348220,2540,0.17006617784500122,49.483353
21,-76.7476,7359691,-20.265626907348633,0.18697796875,344792,0.001,10.395519,7359792,2544,0.2010403871536255,49.483353
21,-76.7476,7371263,-19.952011108398438,0.18697802734375,345331,0.001,10.395519,7371364,2548,0.13365553319454193,49.483353
21,-76.7476,7382835,-15.739728927612305,0.1869780078125,345870,0.001,10.395519,7382936,2552,0.09519876539707184,49.483353
21,-76.7476,7394407,-17.67005729675293,0.18697802734375,346410,0.001,10.395519,7394508,2556,0.0449405238032341,49.483353
21,-76.7476,7405979,-20.249147415161133,0.18697806640625,346950,0.001,10.395519,7406080,2560,0.04269801080226898,49.483353
21,-76.7476,7417551,-20.169536590576172,0.18697796875,347491,0.001,10.395519,7417652,2564,0.0891571044921875,49.483353
21,-76.7476,7429123,-18.49968719482422,0.18697796875,348033,0.001,10.395519,7429224,2568,0.0653301477432251,49.483353
21,-76.7476,7440695,-17.040969848632812,0.18697796875,348574,0.001,10.395519,7440796,2572,0.05014115944504738,49.483353
21,-76.7476,7452267,-19.444713592529297,0.18697794921875,349153,0.001,10.395519,7452368,2576,0.17002367973327637,49.483353
21,-76.7476,7463839,-16.74520492553711,0.1869779296875,349694,0.001,10.395519,7463940,2580,0.07311572134494781,49.483353
21,-76.7476,7475411,-17.083045959472656,0.1869780078125,350236,0.001,10.395519,7475512,2584,0.04927026480436325,49.483353
21,-76.7476,7486983,-18.975893020629883,0.1869780078125,350777,0.001,10.395519,7487084,2588,0.05776670575141907,49.483353
21,-76.7476,7498555,-16.467601776123047,0.1869778515625,351319,0.001,10.395519,7498656,2592,0.042767129838466644,49.483353
21,-76.7476,7510127,-20.515560150146484,0.18697814453125,351860,0.001,10.395519,7510228,2596,0.10726404190063477,49.483353
21,-76.7476,7521699,-19.284265518188477,0.1869782421875,352401,0.001,10.395519,7521800,2600,0.1829918920993805,49.483353
21,-76.7476,7533271,-18.269287109375,0.18697822265625,352942,0.001,10.395519,7533372,2604,0.06114979088306427,49.483353
21,-76.7476,7544843,-16.928184509277344,0.1869780859375,353483,0.001,10.395519,7544944,2608,0.06204129755496979,49.483353
21,-76.7476,7556415,-17.410287857055664,0.18697802734375,354025,0.001,10.395519,7556516,2612,0.05016092583537102,49.483353
21,-76.7476,7567987,-17.28938865661621,0.18697806640625,354566,0.001,10.395519,7568088,2616,0.1890636384487152,49.483353
21,-76.7476,7579559,-18.296220779418945,0.18697798828125,355107,0.001,10.395519,7579660,2620,0.11691097170114517,49.483353
21,-76.7476,7591131,-20.223506927490234,0.18697798828125,355648,0.001,10.395519,7591232,2624,0.09726709127426147,49.483353
21,-76.7476,7602703,-20.077457427978516,0.18697787109375,356189,0.001,10.395519,7602804,2628,0.1214347705245018,49.483353
21,-76.7476,7614275,-18.934064865112305,0.1869778125,356730,0.001,10.395519,7614376,2632,0.03112342767417431,49.483353
21,-76.7476,7625847,-18.497583389282227,0.18697787109375,357271,0.001,10.395519,7625948,2636,0.047816209495067596,49.483353
21,-76.7476,7637419,-17.974435806274414,0.18697787109375,357812,0.001,10.395519,7637520,2640,0.1562044471502304,49.483353
21,-76.7476,7648991,-17.362180709838867,0.18697765625,358353,0.001,10.395519,7649092,2644,0.05420532822608948,49.483353
21,-76.7476,7660563,-16.90378761291504,0.186978125,358894,0.001,10.395519,7660664,2648,0.08728852868080139,49.483353
21,-76.7476,7672135,-19.87472152709961,0.18697828125,359434,0.001,10.395519,7672236,2652,0.0470426045358181,49.483353
21,-76.7476,7683707,-16.61132049560547,0.18697828125,359974,0.001,10.395519,7683808,2656,0.07451730966567993,49.483353
21,-76.7476,7695279,-17.86266326904297,0.18697810546875,360515,0.001,10.395519,7695380,2660,0.07380060106515884,49.483353
21,-76.7476,7706851,-19.955522537231445,0.186978046875,361055,0.001,10.395519,7706952,2664,0.07951171696186066,49.483353
21,-76.7476,7718423,-19.696975708007812,0.18697810546875,361595,0.001,10.395519,7718524,2668,0.050179190933704376,49.483353
21,-76.7476,7729995,-16.598583221435547,0.186978046875,362135,0.001,10.395519,7730096,2672,0.052229151129722595,49.483353
21,-76.7476,7741567,-18.932605743408203,0.186978046875,362677,0.001,10.395519,7741668,2676,0.034988317638635635,49.483353
21,-76.7476,7753139,-16.3410587310791,0.18697806640625,363218,0.001,10.395519,7753240,2680,0.16306212544441223,49.483353
21,-76.7476,7764711,-18.41888427734375,0.18697802734375,363760,0.001,10.395519,7764812,2684,0.04419331252574921,49.483353
21,-76.7476,7776283,-20.750856399536133,0.18697796875,364303,0.001,10.395519,7776384,2688,0.033604979515075684,49.483353
21,-76.7476,7787855,-18.232694625854492,0.18697796875,364845,0.001,10.395519,7787956,2692,0.06739180535078049,49.483353
21,-76.7476,7799427,-19.11821937561035,0.18697796875,365388,0.001,10.395519,7799528,2696,0.03671156242489815,49.483353
21,-76.7476,7810999,-19.542367935180664,0.1869779296875,365930,0.001,10.395519,7811100,2700,0.14508195221424103,49.483353
21,-76.7476,7822571,-15.907367706298828,0.18697802734375,366472,0.001,10.395519,7822672,2704,0.044763170182704926,49.483353
21,-76.7476,7834143,-19.01447296142578,0.1869780078125,367014,0.001,10.395519,7834244,2708,0.04918425902724266,49.483353
21,-76.7476,7845715,-16.120203018188477,0.18697794921875,367556,0.001,10.395519,7845816,2712,0.05797873064875603,49.483353
21,-76.7476,7857287,-15.89007568359375,0.18697806640625,368098,0.001,10.395519,7857388,2716,0.04555824026465416,49.483353
21,-76.7476,7868859,-16.840354919433594,0.186978125,368641,0.001,10.395519,7868960,2720,0.056062761694192886,49.483353
21,-76.7476,7880431,-16.554828643798828,0.18697814453125,369183,0.001,10.395519,7880532,2724,0.04757246747612953,49.483353
21,-76.7476,7892003,-16.593456268310547,0.18697814453125,369726,0.001,10.395519,7892104,2728,0.036880847066640854,49.483353
21,-76.7476,7903575,-16.944622039794922,0.186978046875,370269,0.001,10.395519,7903676,2732,0.10072270035743713,49.483353
21,-76.7476,7915147,-18.084226608276367,0.18697810546875,370812,0.001,10.395519,7915248,2736,0.033800240606069565,49.483353
21,-76.7476,7926719,-15.605998992919922,0.1869780078125,371354,0.001,10.395519,7926820,2740,0.0435764417052269,49.483353
21,-76.7476,7938291,-19.473974227905273,0.1869780078125,371897,0.001,10.395519,7938392,2744,0.09739178419113159,49.483353
21,-76.7476,7949863,-20.229196548461914,0.186977890625,372439,0.001,10.395519,7949964,2748,0.03285431116819382,49.483353
21,-76.7476,7961435,-19.063858032226562,0.1869777734375,372982,0.001,10.395519,7961536,2752,0.05571063607931137,49.483353
21,-76.7476,7973007,-18.266096115112305,0.18697787109375,373525,0.001,10.395519,7973108,2756,0.039599932730197906,49.483353
21,-76.7476,7984579,-18.31898307800293,0.18697787109375,374068,0.001,10.395519,7984680,2760,0.04686960577964783,49.483353
21,-76.7476,7996151,-20.14862823486328,0.18697767578125,374610,0.001,10.395519,7996252,2764,0.037435270845890045,49.483353
21,-76.7476,8007723,-19.128864288330078,0.18697798828125,375152,0.001,10.395519,8007824,2768,0.0837230458855629,49.483353
21,-76.7476,8019295,-17.652551651000977,0.18697798828125,375695,0.001,10.395519,8019396,2772,0.05091887712478638,49.483353
21,-76.7476,8030867,-17.33306121826172,0.18697814453125,376237,0.001,10.395519,8030968,2776,0.05660367012023926,49.483353
21,-76.7476,8042439,-18.225635528564453,0.18697814453125,376780,0.001,10.395519,8042540,2780,0.1715632975101471,49.483353
21,-76.7476,8054011,-18.165586471557617,0.18697798828125,377322,0.001,10.395519,8054112,2784,0.02321114018559456,49.483353
21,-76.7476,8065583,-18.332592010498047,0.18697806640625,377863,0.001,10.395519,8065684,2788,0.1379532516002655,49.483353
21,-76.7476,8077155,-17.820289611816406,0.186978046875,378405,0.001,10.395519,8077256,2792,0.1925317794084549,49.483353
21,-76.7476,8088727,-18.150436401367188,0.186978046875,378946,0.001,10.395519,8088828,2796,0.0753028616309166,49.483353
21,-76.7476,8100299,-15.88217544555664,0.18697802734375,379487,0.001,10.395519,8100400,2800,0.05941758677363396,49.483353
21,-76.7476,8111871,-18.04376220703125,0.1869780078125,380029,0.001,10.395519,8111972,2804,0.09236279129981995,49.483353
21,-76.7476,8123443,-17.997695922851562,0.1869779296875,380571,0.001,10.395519,8123544,2808,0.04116794839501381,49.483353
21,-76.7476,8135015,-19.871570587158203,0.1869779296875,381113,0.001,10.395519,8135116,2812,0.044867437332868576,49.483353
21,-76.7476,8146587,-16.521465301513672,0.1869779296875,381655,0.001,10.395519,8146688,2816,0.0705232173204422,49.483353
21,-76.7476,8158159,-17.768909454345703,0.18697794921875,382240,0.001,10.395519,8158260,2820,0.18348067998886108,49.483353
21,-76.7476,8169731,-18.479127883911133,0.18697796875,382783,0.001,10.395519,8169832,2824,0.025632381439208984,49.483353
21,-76.7476,8181303,-17.76213836669922,0.186978046875,383326,0.001,10.395519,8181404,2828,0.05539598688483238,49.483353
21,-76.7476,8192875,-17.203449249267578,0.186978046875,383868,0.001,10.395519,8192976,2832,0.029422499239444733,49.483353
21,-76.7476,8204447,-19.744659423828125,0.1869780859375,384411,0.001,10.395519,8204548,2836,0.04566730558872223,49.483353
21,-76.7476,8216019,-18.406471252441406,0.18697810546875,384955,0.001,10.395519,8216120,2840,0.03710979223251343,49.483353
21,-76.7476,8227591,-19.946556091308594,0.18697814453125,385500,0.001,10.395519,8227692,2844,0.054867926985025406,49.483353
21,-76.7476,8239163,-17.752145767211914,0.18697814453125,386044,0.001,10.395519,8239264,2848,0.05149461701512337,49.483353
21,-76.7476,8250735,-18.130434036254883,0.186978125,386588,0.001,10.395519,8250836,2852,0.08227798342704773,49.483353
21,-76.7476,8262307,-18.061248779296875,0.186978203125,387132,0.001,10.395519,8262408,2856,0.04408146068453789,49.483353
21,-76.7476,8273879,-17.93844985961914,0.1869780859375,387677,0.001,10.395519,8273980,2860,0.03458728268742561,49.483353
21,-76.7476,8285451,-15.250618934631348,0.1869780859375,388221,0.001,10.395519,8285552,2864,0.05146316438913345,49.483353
21,-76.7476,8297023,-21.63405418395996,0.18697794921875,388766,0.001,10.395519,8297124,2868,0.03761894255876541,49.483353
21,-76.7476,8308595,-17.29391860961914,0.1869779296875,389310,0.001,10.395519,8308696,2872,0.05949907377362251,49.483353
21,-76.7476,8320167,-17.064661026000977,0.1869778515625,389855,0.001,10.395519,8320268,2876,0.03854651004076004,49.483353
21,-76.7476,8331739,-19.459684371948242,0.18697791015625,390399,0.001,10.395519,8331840,2880,0.06019696220755577,49.483353
21,-76.7476,8343311,-16.658050537109375,0.18697791015625,390944,0.001,10.395519,8343412,2884,0.0486375093460083,49.483353
21,-76.7476,8354883,-16.750770568847656,0.1869780078125,391488,0.001,10.395519,8354984,2888,0.032691776752471924,49.483353
21,-76.7476,8366455,-18.556419372558594,0.18697802734375,392033,0.001,10.395519,8366556,2892,0.25010374188423157,49.483353
21,-76.7476,8378027,-20.428998947143555,0.1869781640625,392577,0.001,10.395519,8378128,2896,0.09557093679904938,49.483353
21,-76.7476,8389599,-16.992359161376953,0.1869781640625,393122,0.001,10.395519,8389700,2900,0.05537518486380577,49.483353
21,-76.7476,8401171,-17.782459259033203,0.18697796875,393667,0.001,10.395519,8401272,2904,0.06265867501497269,49.483353
21,-76.7476,8412743,-16.71175193786621,0.18697802734375,394212,0.001,10.395519,8412844,2908,0.1599920690059662,49.483353
21,-76.7476,8424315,-17.840417861938477,0.18697796875,394757,0.001,10.395519,8424416,2912,0.1705811321735382,49.483353
21,-76.7476,8435887,-17.41864013671875,0.18697796875,395301,0.001,10.395519,8435988,2916,0.11806380748748779,49.483353
21,-76.7476,8447459,-14.833809852600098,0.18697802734375,395846,0.001,10.395519,8447560,2920,0.06288213282823563,49.483353
21,-76.7476,8459031,-16.838581085205078,0.186978046875,396391,0.001,10.395519,8459132,2924,0.201871857047081,49.483353
21,-76.7476,8470603,-17.624391555786133,0.18697796875,396936,0.001,10.395519,8470704,2928,0.05381918326020241,49.483353
21,-76.7476,8482175,-17.7000675201416,0.18697796875,397482,0.001,10.395519,8482276,2932,0.10153786838054657,49.483353
21,-76.7476,8493747,-16.965274810791016,0.18697796875,398027,0.001,10.395519,8493848,2936,0.07536866515874863,49.483353
21,-76.7476,8505319,-18.965673446655273,0.186978046875,398571,0.001,10.395519,8505420,2940,0.05239083617925644,49.483353
21,-76.7476,8516891,-19.18246078491211,0.186978046875,399116,0.001,10.395519,8516992,2944,0.04008527845144272,49.483353
21,-76.7476,8528463,-19.069324493408203,0.1869780859375,399661,0.001,10.395519,8528564,2948,0.04061809182167053,49.483353
21,-76.7476,8540035,-18.303136825561523,0.1869780859375,400204,0.001,10.395519,8540136,2952,0.06157601997256279,49.483353
21,-76.7476,8551607,-18.393672943115234,0.18697806640625,400748,0.001,10.395519,8551708,2956,0.07648856192827225,49.483353
21,-76.7476,8563179,-18.04419708251953,0.18697806640625,401293,0.001,10.395519,8563280,2960,0.06116636097431183,49.483353
21,-76.7476,8574751,-17.91414451599121,0.18697810546875,401839,0.001,10.395519,8574852,2964,0.07355142384767532,49.483353
21,-76.7476,8586323,-18.983428955078125,0.18697810546875,402384,0.001,10.395519,8586424,2968,0.11052504926919937,49.483353
21,-76.7476,8597895,-14.887560844421387,0.1869779296875,402928,0.001,10.395519,8597996,2972,0.09797156602144241,49.483353
21,-76.7476,8609467,-19.0896053314209,0.18697796875,403472,0.001,10.395519,8609568,2976,0.037591639906167984,49.483353
21,-76.7476,8621039,-17.423242568969727,0.18697802734375,404015,0.001,10.395519,8621140,2980,0.053287312388420105,49.483353
21,-76.7476,8632611,-18.366422653198242,0.18697802734375,404559,0.001,10.395519,8632712,2984,0.14960932731628418,49.483353
21,-76.7476,8644183,-20.45401382446289,0.1869780078125,405103,0.001,10.395519,8644284,2988,0.26389026641845703,49.483353
21,-76.7476,8655755,-19.367233276367188,0.18697791015625,405647,0.001,10.395519,8655856,2992,0.1284048855304718,49.483353
21,-76.7476,8667327,-16.3179988861084,0.18697791015625,406191,0.001,10.395519,8667428,2996,0.02840767428278923,49.483353
21,-76.7476,8678899,-16.998199462890625,0.18697791015625,406734,0.001,10.395519,8679000,3000,0.097264364361763,49.483353
21,-76.7476,8690471,-16.92685317993164,0.18697791015625,407278,0.001,10.395519,8690572,3004,0.10093124955892563,49.483353
21,-76.7476,8702043,-16.07790756225586,0.18697802734375,407822,0.001,10.395519,8702144,3008,0.0611657053232193,49.483353
21,-76.7476,8713615,-18.62681007385254,0.1869780078125,408367,0.001,10.395519,8713716,3012,0.04508286714553833,49.483353
21,-76.7476,8725187,-17.32428741455078,0.18697806640625,408912,0.001,10.395519,8725288,3016,0.09640359878540039,49.483353
21,-76.7476,8736759,-16.949220657348633,0.18697806640625,409458,0.001,10.395519,8736860,3020,0.0888993963599205,49.483353
21,-76.7476,8748331,-16.967145919799805,0.18697794921875,410003,0.001,10.395519,8748432,3024,0.033283159136772156,49.483353
21,-76.7476,8759903,-18.97456932067871,0.186978046875,410547,0.001,10.395519,8760004,3028,0.06199917942285538,49.483353
21,-76.7476,8771475,-17.224523544311523,0.18697810546875,411091,0.001,10.395519,8771576,3032,0.03799920529127121,49.483353
21,-76.7476,8783047,-17.362194061279297,0.18697810546875,411634,0.001,10.395519,8783148,3036,0.07094153016805649,49.483353
21,-76.7476,8794619,-17.695762634277344,0.186978125,412178,0.001,10.395519,8794720,3040,0.07048109918832779,49.483353
21,-76.7476,8806191,-17.31328582763672,0.186978046875,412723,0.001,10.395519,8806292,3044,0.06278149783611298,49.483353
21,-76.7476,8817763,-16.697832107543945,0.18697802734375,413268,0.001,10.395519,8817864,3048,0.07115385681390762,49.483353
21,-76.7476,8829335,-16.159887313842773,0.186977890625,413813,0.001,10.395519,8829436,3052,0.10380430519580841,49.483353
21,-76.7476,8840907,-20.12730598449707,0.186977890625,414359,0.001,10.395519,8841008,3056,0.05005570128560066,49.483353
21,-76.7476,8852479,-17.088430404663086,0.1869780078125,414903,0.001,10.395519,8852580,3060,0.04861834645271301,49.483353
21,-76.7476,8864051,-19.558223724365234,0.1869780078125,415448,0.001,10.395519,8864152,3064,0.07356876879930496,49.483353
21,-76.7476,8875623,-18.041706085205078,0.18697806640625,415992,0.001,10.395519,8875724,3068,0.04051917791366577,49.483353
21,-76.7476,8887195,-16.810192108154297,0.18697806640625,416536,0.001,10.395519,8887296,3072,0.047078393399715424,49.483353
21,-76.7476,8898767,-18.50835418701172,0.186977890625,417079,0.001,10.395519,8898868,3076,0.03424308821558952,49.483353
21,-76.7476,8910339,-17.585363388061523,0.18697818359375,417624,0.001,10.395519,8910440,3080,0.05163678154349327,49.483353
21,-76.7476,8921911,-19.708908081054688,0.18697822265625,418216,0.001,10.395519,8922012,3084,0.036255355924367905,49.483353
21,-76.7476,8933483,-19.5733642578125,0.18697822265625,418764,0.001,10.395519,8933584,3088,0.03494834899902344,49.483353
21,-76.7476,8945055,-17.93683624267578,0.1869779296875,419316,0.001,10.395519,8945156,3092,0.053061582148075104,49.483353
21,-76.7476,8956627,-17.238231658935547,0.1869778515625,419866,0.001,10.395519,8956728,3096,0.07251511514186859,49.483353
21,-76.7476,8968199,-18.935077667236328,0.186977890625,420416,0.001,10.395519,8968300,3100,0.03419769927859306,49.483353
21,-76.7476,8979771,-18.60906982421875,0.1869778125,420965,0.001,10.395519,8979872,3104,0.06623701006174088,49.483353
21,-76.7476,8991343,-18.95833969116211,0.1869778125,421516,0.001,10.395519,8991444,3108,0.031135955825448036,49.483353
21,-76.7476,9002915,-17.720726013183594,0.18697806640625,422065,0.001,10.395519,9003016,3112,0.041645221412181854,49.483353
21,-76.7476,9014487,-18.96237564086914,0.18697798828125,422615,0.001,10.395519,9014588,3116,0.09861096739768982,49.483353
21,-76.7476,9026059,-16.32469367980957,0.186978046875,423166,0.001,10.395519,9026160,3120,0.0633435919880867,49.483353
21,-76.7476,9037631,-18.62299156188965,0.186978046875,423717,0.001,10.395519,9037732,3124,0.04732552170753479,49.483353
21,-76.7476,9049203,-16.05414390563965,0.186977890625,424267,0.001,10.395519,9049304,3128,0.09543665498495102,49.483353
21,-76.7476,9060775,-17.848011016845703,0.186978046875,424817,0.001,10.395519,9060876,3132,0.06303984671831131,49.483353
21,-76.7476,9072347,-16.783517837524414,0.1869781640625,425366,0.001,10.395519,9072448,3136,0.04696660861372948,49.483353
21,-76.7476,9083919,-19.90747833251953,0.18697814453125,425916,0.001,10.395519,9084020,3140,0.033306751400232315,49.483353
21,-76.7476,9095491,-19.756690979003906,0.186978046875,426466,0.001,10.395519,9095592,3144,0.05468341335654259,49.483353
21,-76.7476,9107063,-17.56821060180664,0.18697806640625,427017,0.001,10.395519,9107164,3148,0.03310296684503555,49.483353
21,-76.7476,9118635,-16.592744827270508,0.18697818359375,427568,0.001,10.395519,9118736,3152,0.037644170224666595,49.483353
21,-76.7476,9130207,-17.1915283203125,0.186978203125,428117,0.001,10.395519,9130308,3156,0.08603847771883011,49.483353
21,-76.7476,9141779,-16.252710342407227,0.186978203125,428665,0.001,10.395519,9141880,3160,0.11033143103122711,49.483353
21,-76.7476,9153351,-18.211973190307617,0.18697791015625,429214,0.001,10.395519,9153452,3164,0.07026322185993195,49.483353
21,-76.7476,9164923,-16.433181762695312,0.1869779296875,429766,0.001,10.395519,9165024,3168,0.04297034442424774,49.483353
21,-76.7476,9176495,-17.41453742980957,0.18697783203125,430316,0.001,10.395519,9176596,3172,0.019052673131227493,49.483353
21,-76.7476,9188067,-17.047727584838867,0.18697783203125,430867,0.001,10.395519,9188168,3176,0.051301851868629456,49.483353
21,-76.7476,9199639,-16.788026809692383,0.186977890625,431418,0.001,10.395519,9199740,3180,0.03635886684060097,49.483353
21,-76.7476,9211211,-17.551790237426758,0.18697802734375,431966,0.001,10.395519,9211312,3184,0.29436105489730835,49.483353
